path,ground_truth,y_true,predicted_ai,ai_probability,attributed_provenance,best_vae,max_psnr_db,harmonic_spike_ratio,rho_rgb_correlation,kurtosis,latency_ms
hf_0001.png,Real Photo,0,0,0.1181,Authentic Optical Camera,SDXL,33.3,1.275,-0.0002,3.03,2662.97
hf_0002.png,Real Photo,0,0,0.1194,Authentic Optical Camera,SDXL,33.56,1.292,-0.0003,3.03,1596.76
hf_0003.png,Real Photo,0,0,0.1075,Authentic Optical Camera,SDXL,33.57,1.137,-0.0008,3.03,1605.01
hf_0004.png,Real Photo,0,0,0.1162,Authentic Optical Camera,SDXL,33.11,1.251,-0.0012,3.0,1590.83
hf_0005.png,Real Photo,0,0,0.1046,Authentic Optical Camera,SDXL,33.29,1.1,-0.0044,3.01,1614.3
hf_0006.png,Real Photo,0,0,0.1109,Authentic Optical Camera,SDXL,33.4,1.182,-0.0004,3.06,1613.06
hf_0007.png,Real Photo,0,0,0.1044,Authentic Optical Camera,SDXL,33.48,1.097,0.0014,3.04,1622.77
hf_0008.png,Real Photo,0,0,0.1066,Authentic Optical Camera,SDXL,33.38,1.126,0.0014,3.0,1634.48
hf_0009.png,Real Photo,0,0,0.1049,Authentic Optical Camera,SDXL,33.47,1.103,-0.0008,3.04,1609.19
hf_0010.png,Real Photo,0,0,0.1131,Authentic Optical Camera,SDXL,33.61,1.211,-0.001,3.01,1613.03
hf_0011.png,Real Photo,0,0,0.1068,Authentic Optical Camera,SDXL,33.29,1.128,0.0009,3.02,1615.4
hf_0012.png,Real Photo,0,0,0.1087,Authentic Optical Camera,SDXL,33.52,1.153,0.0006,3.03,1619.65
hf_0013.png,Real Photo,0,0,0.1076,Authentic Optical Camera,SDXL,33.14,1.139,0.0001,3.03,1622.91
hf_0014.png,Real Photo,0,0,0.0996,Authentic Optical Camera,SDXL,33.21,1.035,-0.0006,3.02,1617.72
hf_0015.png,Real Photo,0,0,0.111,Authentic Optical Camera,SDXL,33.45,1.183,0.0015,3.02,1716.05
hf_0016.png,Real Photo,0,0,0.1153,Authentic Optical Camera,SDXL,33.66,1.238,-0.0002,3.03,1744.13
hf_0017.png,Real Photo,0,0,0.1188,Authentic Optical Camera,SDXL,33.08,1.284,-0.0001,3.02,1736.61
hf_0018.png,Real Photo,0,0,0.1097,Authentic Optical Camera,SDXL,32.17,1.167,-0.0001,3.02,1661.27
hf_0019.png,Real Photo,0,0,0.1096,Authentic Optical Camera,SDXL,31.04,1.165,-0.0015,2.99,1773.81
hf_0020.png,Real Photo,0,0,0.0989,Authentic Optical Camera,SDXL,30.26,1.026,-0.0043,3.0,1830.36
hf_0021.png,Real Photo,0,0,0.1064,Authentic Optical Camera,SDXL,31.01,1.123,0.0001,3.04,1722.32
hf_0022.png,Real Photo,0,0,0.0979,Authentic Optical Camera,SDXL,31.38,1.013,0.0018,3.03,1730.85
hf_0023.png,Real Photo,0,0,0.1025,Authentic Optical Camera,SDXL,30.83,1.072,0.0012,2.99,1746.59
hf_0024.png,Real Photo,0,0,0.1051,Authentic Optical Camera,SDXL,30.48,1.106,-0.0006,3.02,1632.71
hf_0025.png,Real Photo,0,0,0.1153,Authentic Optical Camera,SDXL,29.95,1.238,-0.0017,3.0,1617.54
hf_0026.png,Real Photo,0,0,0.1121,Authentic Optical Camera,SDXL,33.67,1.197,0.0008,3.02,1620.96
hf_0027.png,Real Photo,0,0,0.1058,Authentic Optical Camera,SDXL,33.07,1.115,0.0006,3.03,1631.35
hf_0028.png,Real Photo,0,0,0.1108,Authentic Optical Camera,SDXL,31.92,1.181,-0.0006,3.03,1625.57
hf_0029.png,Real Photo,0,0,0.1164,Authentic Optical Camera,SDXL,31.08,1.254,-0.0002,3.0,1626.76
hf_0030.png,Real Photo,0,0,0.1099,Authentic Optical Camera,SDXL,30.3,1.169,0.0001,3.0,1626.6
hf_0031.png,Real Photo,0,0,0.1043,Authentic Optical Camera,SDXL,31.13,1.096,-0.0006,3.04,1651.51
hf_0032.png,Real Photo,0,0,0.105,Authentic Optical Camera,SDXL,31.22,1.105,0.0005,3.01,1613.07
hf_0033.png,Real Photo,0,0,0.0978,Authentic Optical Camera,SDXL,30.46,1.012,-0.0012,3.0,1628.97
hf_0034.png,Real Photo,0,0,0.1009,Authentic Optical Camera,SDXL,30.55,1.052,-0.0003,3.02,1623.68
hf_0035.png,Real Photo,0,0,0.1049,Authentic Optical Camera,SDXL,29.92,1.104,-0.0019,2.99,1639.33
hf_0036.png,Real Photo,0,0,0.1088,Authentic Optical Camera,SDXL,34.09,1.155,-0.0001,3.05,1638.87
hf_0037.png,Real Photo,0,0,0.1253,Authentic Optical Camera,SDXL,33.08,1.369,0.0013,3.0,1637.96
hf_0038.png,Real Photo,0,0,0.1087,Authentic Optical Camera,SDXL,31.99,1.153,0.0025,3.01,1654.34
hf_0039.png,Real Photo,0,0,0.1,Authentic Optical Camera,SDXL,31.06,1.039,-0.0011,3.0,1653.13
hf_0040.png,Real Photo,0,0,0.1035,Authentic Optical Camera,SDXL,30.3,1.086,-0.0014,3.03,1632.49
hf_0041.png,Real Photo,0,0,0.095,Authentic Optical Camera,SDXL,31.01,0.975,0.0001,3.0,1648.06
hf_0042.png,Real Photo,0,0,0.1012,Authentic Optical Camera,SDXL,31.37,1.056,-0.001,3.03,1635.3
hf_0043.png,Real Photo,0,0,0.0997,Authentic Optical Camera,SDXL,30.79,1.036,-0.0009,3.01,1633.32
hf_0044.png,Real Photo,0,0,0.1031,Authentic Optical Camera,SDXL,30.38,1.08,-0.0015,3.02,1629.61
hf_0045.png,Real Photo,0,0,0.1027,Authentic Optical Camera,SDXL,29.77,1.075,-0.0007,3.03,1654.25
hf_0046.png,Real Photo,0,0,0.1079,Authentic Optical Camera,SDXL,33.81,1.143,0.0036,3.05,1640.55
hf_0047.png,Real Photo,0,0,0.1054,Authentic Optical Camera,SDXL,32.88,1.111,-0.0001,3.02,1635.91
hf_0048.png,Real Photo,0,0,0.1003,Authentic Optical Camera,SDXL,31.94,1.044,0.0013,2.99,1638.21
hf_0049.png,Real Photo,0,0,0.1008,Authentic Optical Camera,SDXL,31.17,1.051,0.0008,3.01,1629.5
hf_0050.png,Real Photo,0,0,0.1119,Authentic Optical Camera,SDXL,30.24,1.195,0.0023,3.02,1636.96
optical_sim_0051.png,Real Photo,0,0,0.0999,Authentic Optical Camera,SDXL,33.87,1.038,-0.0008,3.04,1641.82
optical_sim_0052.png,Real Photo,0,0,0.107,Authentic Optical Camera,SDXL,32.09,1.131,-0.0004,3.02,1643.37
optical_sim_0053.png,Real Photo,0,0,0.0988,Authentic Optical Camera,SDXL,32.76,1.024,-0.0005,3.04,1641.07
optical_sim_0054.png,Real Photo,0,0,0.1097,Authentic Optical Camera,SDXL,32.56,1.166,-0.0005,2.99,1674.29
optical_sim_0055.png,Real Photo,0,0,0.111,Authentic Optical Camera,SDXL,33.55,1.183,0.0,3.03,1627.48
optical_sim_0056.png,Real Photo,0,0,0.1127,Authentic Optical Camera,SDXL,32.89,1.205,-0.0006,3.03,1636.35
optical_sim_0057.png,Real Photo,0,0,0.1156,Authentic Optical Camera,SDXL,33.84,1.242,-0.001,3.04,1637.91
optical_sim_0058.png,Real Photo,0,0,0.1033,Authentic Optical Camera,SDXL,33.47,1.083,-0.0002,3.02,1638.15
optical_sim_0059.png,Real Photo,0,0,0.1037,Authentic Optical Camera,SDXL,33.78,1.088,0.0011,3.02,1636.64
optical_sim_0060.png,Real Photo,0,0,0.1157,Authentic Optical Camera,SDXL,33.92,1.244,0.0024,3.0,1649.83
optical_sim_0061.png,Real Photo,0,0,0.1022,Authentic Optical Camera,SDXL,33.65,1.069,0.0033,3.05,1668.82
optical_sim_0062.png,Real Photo,0,0,0.1123,Authentic Optical Camera,SDXL,34.26,1.2,-0.0002,3.04,1674.96
optical_sim_0063.png,Real Photo,0,0,0.1165,Authentic Optical Camera,SDXL,33.63,1.254,-0.0001,3.03,1642.01
optical_sim_0064.png,Real Photo,0,0,0.1077,Authentic Optical Camera,SDXL,33.07,1.14,-0.0023,3.01,1640.77
optical_sim_0065.png,Real Photo,0,0,0.0989,Authentic Optical Camera,SDXL,32.58,1.026,0.0002,3.03,1645.14
optical_sim_0066.png,Real Photo,0,0,0.1055,Authentic Optical Camera,SDXL,31.68,1.111,-0.0006,3.0,1640.23
optical_sim_0067.png,Real Photo,0,0,0.0996,Authentic Optical Camera,SDXL,33.44,1.035,0.0036,3.03,1661.95
optical_sim_0068.png,Real Photo,0,0,0.1123,Authentic Optical Camera,SDXL,34.57,1.2,-0.0019,3.02,1632.89
optical_sim_0069.png,Real Photo,0,0,0.1067,Authentic Optical Camera,SDXL,32.04,1.127,-0.0,3.02,1664.75
optical_sim_0070.png,Real Photo,0,0,0.0991,Authentic Optical Camera,SDXL,33.33,1.028,0.002,3.03,1645.6
optical_sim_0071.png,Real Photo,0,0,0.0995,Authentic Optical Camera,SDXL,32.86,1.033,-0.0004,3.03,1635.57
optical_sim_0072.png,Real Photo,0,0,0.1038,Authentic Optical Camera,SDXL,34.57,1.09,0.0007,3.02,1643.0
optical_sim_0073.png,Real Photo,0,0,0.1064,Authentic Optical Camera,SDXL,33.44,1.123,-0.0015,3.03,1650.74
optical_sim_0074.png,Real Photo,0,0,0.1043,Authentic Optical Camera,SDXL,34.34,1.096,0.0012,3.04,1641.65
optical_sim_0075.png,Real Photo,0,0,0.1098,Authentic Optical Camera,SDXL,33.68,1.167,-0.0008,3.05,1654.45
optical_sim_0076.png,Real Photo,0,0,0.1044,Authentic Optical Camera,SDXL,33.7,1.097,0.0024,3.03,1672.41
optical_sim_0077.png,Real Photo,0,0,0.1024,Authentic Optical Camera,SDXL,33.53,1.071,-0.0011,3.02,1665.66
optical_sim_0078.png,Real Photo,0,0,0.1088,Authentic Optical Camera,SDXL,34.12,1.155,-0.0004,3.02,1656.17
optical_sim_0079.png,Real Photo,0,0,0.1117,Authentic Optical Camera,SDXL,33.36,1.192,-0.0008,2.99,1642.66
optical_sim_0080.png,Real Photo,0,0,0.1088,Authentic Optical Camera,SDXL,31.56,1.154,0.0005,3.01,1656.06
optical_sim_0081.png,Real Photo,0,0,0.1022,Authentic Optical Camera,SDXL,32.05,1.068,-0.0009,3.01,1678.93
optical_sim_0082.png,Real Photo,0,0,0.0978,Authentic Optical Camera,SDXL,34.12,1.011,-0.0014,3.03,1666.81
optical_sim_0083.png,Real Photo,0,0,0.1025,Authentic Optical Camera,SDXL,32.78,1.072,-0.0029,3.01,1662.75
optical_sim_0084.png,Real Photo,0,0,0.1256,Authentic Optical Camera,SDXL,33.27,1.372,-0.0,3.0,1700.35
optical_sim_0085.png,Real Photo,0,0,0.1157,Authentic Optical Camera,SDXL,33.35,1.245,0.0013,3.02,1658.52
optical_sim_0086.png,Real Photo,0,0,0.1124,Authentic Optical Camera,SDXL,32.41,1.201,-0.0007,3.02,1662.14
optical_sim_0087.png,Real Photo,0,0,0.1142,Authentic Optical Camera,SDXL,34.22,1.225,0.0018,3.04,1642.86
optical_sim_0088.png,Real Photo,0,0,0.0976,Authentic Optical Camera,SDXL,31.98,1.009,-0.0009,3.02,1636.06
optical_sim_0089.png,Real Photo,0,0,0.107,Authentic Optical Camera,SDXL,33.14,1.132,0.0025,3.0,1649.48
optical_sim_0090.png,Real Photo,0,0,0.1037,Authentic Optical Camera,SDXL,33.28,1.088,-0.0022,3.0,1646.97
optical_sim_0091.png,Real Photo,0,0,0.1078,Authentic Optical Camera,SDXL,34.16,1.142,0.0005,3.05,1675.84
optical_sim_0092.png,Real Photo,0,0,0.1026,Authentic Optical Camera,SDXL,33.68,1.074,0.0006,3.04,1669.64
optical_sim_0093.png,Real Photo,0,0,0.1028,Authentic Optical Camera,SDXL,32.8,1.076,-0.002,3.02,1646.07
optical_sim_0094.png,Real Photo,0,0,0.1149,Authentic Optical Camera,SDXL,31.98,1.234,0.0004,3.0,1643.32
optical_sim_0095.png,Real Photo,0,0,0.1052,Authentic Optical Camera,SDXL,34.4,1.107,0.002,3.02,1654.34
optical_sim_0096.png,Real Photo,0,0,0.099,Authentic Optical Camera,SDXL,33.46,1.027,0.0004,3.03,1663.58
optical_sim_0097.png,Real Photo,0,0,0.1097,Authentic Optical Camera,SDXL,33.29,1.166,0.0008,3.04,1651.37
optical_sim_0098.png,Real Photo,0,0,0.1068,Authentic Optical Camera,SDXL,33.1,1.129,0.0007,3.02,1674.52
optical_sim_0099.png,Real Photo,0,0,0.1023,Authentic Optical Camera,SDXL,33.66,1.07,-0.0005,3.04,1674.64
optical_sim_0100.png,Real Photo,0,0,0.1028,Authentic Optical Camera,SDXL,33.44,1.076,0.0004,3.03,1669.97
optical_sim_0101.png,Real Photo,0,0,0.1134,Authentic Optical Camera,SDXL,33.89,1.215,-0.0007,3.05,1646.15
optical_sim_0102.png,Real Photo,0,0,0.1134,Authentic Optical Camera,SDXL,34.18,1.214,-0.0029,3.03,1652.18
optical_sim_0103.png,Real Photo,0,0,0.1108,Authentic Optical Camera,SDXL,34.54,1.18,-0.0035,3.04,1652.14
optical_sim_0104.png,Real Photo,0,0,0.1128,Authentic Optical Camera,SDXL,31.93,1.206,0.0014,3.0,1666.13
optical_sim_0105.png,Real Photo,0,0,0.1064,Authentic Optical Camera,SDXL,33.98,1.123,-0.002,3.02,1662.53
optical_sim_0106.png,Real Photo,0,0,0.1124,Authentic Optical Camera,SDXL,34.91,1.201,-0.001,3.03,1667.11
optical_sim_0107.png,Real Photo,0,0,0.1103,Authentic Optical Camera,SDXL,33.31,1.174,0.0007,3.0,1688.39
optical_sim_0108.png,Real Photo,0,0,0.1068,Authentic Optical Camera,SDXL,32.62,1.128,0.0003,3.01,1656.19
optical_sim_0109.png,Real Photo,0,0,0.1069,Authentic Optical Camera,SDXL,33.23,1.13,0.0009,3.01,1647.02
optical_sim_0110.png,Real Photo,0,0,0.1132,Authentic Optical Camera,SDXL,34.08,1.212,0.0011,3.05,1646.36
optical_sim_0111.png,Real Photo,0,0,0.1085,Authentic Optical Camera,SDXL,33.9,1.151,-0.0033,3.03,1658.26
optical_sim_0112.png,Real Photo,0,0,0.1083,Authentic Optical Camera,SDXL,34.57,1.147,-0.001,2.99,1653.88
optical_sim_0113.png,Real Photo,0,0,0.1119,Authentic Optical Camera,SDXL,33.51,1.195,-0.0014,3.05,1666.33
optical_sim_0114.png,Real Photo,0,0,0.101,Authentic Optical Camera,SDXL,31.97,1.054,0.0004,3.02,1681.17
optical_sim_0115.png,Real Photo,0,0,0.1127,Authentic Optical Camera,SDXL,34.49,1.205,0.0001,3.03,1681.19
optical_sim_0116.png,Real Photo,0,0,0.1151,Authentic Optical Camera,SDXL,32.94,1.236,-0.0002,3.03,1650.52
optical_sim_0117.png,Real Photo,0,0,0.1034,Authentic Optical Camera,SDXL,33.6,1.084,0.0,3.03,1652.37
optical_sim_0118.png,Real Photo,0,0,0.1089,Authentic Optical Camera,SDXL,32.32,1.156,-0.0006,3.03,1664.25
optical_sim_0119.png,Real Photo,0,0,0.1007,Authentic Optical Camera,SDXL,33.23,1.049,-0.0011,3.01,1657.3
optical_sim_0120.png,Real Photo,0,0,0.1072,Authentic Optical Camera,SDXL,34.01,1.134,-0.0004,3.04,1658.23
optical_sim_0121.png,Real Photo,0,0,0.0917,Authentic Optical Camera,SDXL,32.01,0.933,-0.0024,3.02,1672.13
optical_sim_0122.png,Real Photo,0,0,0.113,Authentic Optical Camera,SDXL,33.69,1.209,-0.0016,3.02,1748.61
optical_sim_0123.png,Real Photo,0,0,0.1093,Authentic Optical Camera,SDXL,32.63,1.161,-0.0033,3.02,1672.82
optical_sim_0124.png,Real Photo,0,0,0.1019,Authentic Optical Camera,SDXL,33.46,1.065,0.002,3.02,1655.12
optical_sim_0125.png,Real Photo,0,0,0.1051,Authentic Optical Camera,SDXL,33.87,1.106,-0.0004,3.03,1677.96
optical_sim_0126.png,Real Photo,0,0,0.1079,Authentic Optical Camera,SDXL,32.94,1.142,-0.0001,3.02,1651.6
optical_sim_0127.png,Real Photo,0,0,0.1099,Authentic Optical Camera,SDXL,32.49,1.169,0.0004,3.02,1649.77
optical_sim_0128.png,Real Photo,0,0,0.1028,Authentic Optical Camera,SDXL,34.45,1.076,-0.0012,3.08,1654.34
optical_sim_0129.png,Real Photo,0,0,0.1014,Authentic Optical Camera,SDXL,32.55,1.058,0.0004,3.02,1674.7
optical_sim_0130.png,Real Photo,0,0,0.1041,Authentic Optical Camera,SDXL,32.04,1.093,-0.002,3.03,1695.16
optical_sim_0131.png,Real Photo,0,0,0.1047,Authentic Optical Camera,SDXL,33.45,1.101,0.0006,3.02,1654.79
optical_sim_0132.png,Real Photo,0,0,0.1037,Authentic Optical Camera,SDXL,32.37,1.088,0.0011,3.01,1654.26
optical_sim_0133.png,Real Photo,0,0,0.104,Authentic Optical Camera,SDXL,32.96,1.091,0.0026,3.04,1649.48
optical_sim_0134.png,Real Photo,0,0,0.112,Authentic Optical Camera,SDXL,33.45,1.196,-0.0008,3.01,1666.92
optical_sim_0135.png,Real Photo,0,0,0.1044,Authentic Optical Camera,SDXL,34.32,1.097,-0.0007,3.03,1652.38
optical_sim_0136.png,Real Photo,0,0,0.0952,Authentic Optical Camera,SDXL,33.49,0.978,0.0004,3.01,1669.43
optical_sim_0137.png,Real Photo,0,0,0.1219,Authentic Optical Camera,SDXL,34.91,1.325,-0.0005,3.04,1670.7
optical_sim_0138.png,Real Photo,0,0,0.1149,Authentic Optical Camera,SDXL,33.21,1.234,0.0006,3.0,1655.35
optical_sim_0139.png,Real Photo,0,0,0.103,Authentic Optical Camera,SDXL,32.68,1.079,-0.0015,3.02,1660.37
optical_sim_0140.png,Real Photo,0,0,0.1067,Authentic Optical Camera,SDXL,34.3,1.127,-0.0016,3.02,1654.45
optical_sim_0141.png,Real Photo,0,0,0.1048,Authentic Optical Camera,SDXL,32.55,1.102,-0.0013,3.03,1660.25
optical_sim_0142.png,Real Photo,0,0,0.1037,Authentic Optical Camera,SDXL,33.21,1.088,0.0028,3.03,1658.9
optical_sim_0143.png,Real Photo,0,0,0.1205,Authentic Optical Camera,SDXL,33.76,1.307,-0.0,3.03,1664.28
optical_sim_0144.png,Real Photo,0,0,0.1045,Authentic Optical Camera,SDXL,34.27,1.098,-0.0004,3.05,1691.89
optical_sim_0145.png,Real Photo,0,0,0.1115,Authentic Optical Camera,SDXL,33.61,1.189,0.0009,3.0,1677.51
optical_sim_0146.png,Real Photo,0,0,0.1169,Authentic Optical Camera,SDXL,32.44,1.26,0.0036,3.01,1649.22
optical_sim_0147.png,Real Photo,0,0,0.1051,Authentic Optical Camera,SDXL,31.63,1.106,-0.0011,3.02,1656.97
optical_sim_0148.png,Real Photo,0,0,0.1004,Authentic Optical Camera,SDXL,33.2,1.045,0.0003,3.02,1659.21
optical_sim_0149.png,Real Photo,0,0,0.1101,Authentic Optical Camera,SDXL,33.76,1.171,-0.0012,3.01,1652.48
optical_sim_0150.png,Real Photo,0,0,0.1022,Authentic Optical Camera,SDXL,33.5,1.069,0.0004,3.01,1657.96
optical_sim_0151.png,Real Photo,0,0,0.1,Authentic Optical Camera,SDXL,33.68,1.04,-0.0012,3.01,1661.08
optical_sim_0152.png,Real Photo,0,0,0.1077,Authentic Optical Camera,SDXL,33.52,1.14,-0.0016,3.02,1687.27
optical_sim_0153.png,Real Photo,0,0,0.1157,Authentic Optical Camera,SDXL,33.37,1.244,0.0027,3.01,1659.54
optical_sim_0154.png,Real Photo,0,0,0.1118,Authentic Optical Camera,SDXL,34.23,1.193,0.0006,3.07,1644.2
optical_sim_0155.png,Real Photo,0,0,0.112,Authentic Optical Camera,SDXL,32.1,1.196,0.0014,3.01,1650.68
optical_sim_0156.png,Real Photo,0,0,0.1067,Authentic Optical Camera,SDXL,32.47,1.127,-0.0007,3.04,1658.01
optical_sim_0157.png,Real Photo,0,0,0.1065,Authentic Optical Camera,SDXL,33.07,1.124,0.0004,3.04,1673.85
optical_sim_0158.png,Real Photo,0,0,0.1073,Authentic Optical Camera,SDXL,32.17,1.135,-0.0003,3.02,1657.48
optical_sim_0159.png,Real Photo,0,0,0.1171,Authentic Optical Camera,SDXL,34.24,1.263,0.0004,3.04,1681.38
optical_sim_0160.png,Real Photo,0,0,0.1198,Authentic Optical Camera,SDXL,34.0,1.297,-0.001,3.03,1673.31
optical_sim_0161.png,Real Photo,0,0,0.1063,Authentic Optical Camera,SDXL,33.8,1.122,0.0014,3.02,1654.35
optical_sim_0162.png,Real Photo,0,0,0.1078,Authentic Optical Camera,SDXL,34.16,1.141,0.0011,3.03,1659.48
optical_sim_0163.png,Real Photo,0,0,0.1166,Authentic Optical Camera,SDXL,33.65,1.256,-0.0016,3.03,1652.81
optical_sim_0164.png,Real Photo,0,0,0.1237,Authentic Optical Camera,SDXL,33.69,1.348,-0.0002,3.01,1660.3
optical_sim_0165.png,Real Photo,0,0,0.1072,Authentic Optical Camera,SDXL,33.11,1.134,-0.0008,3.0,1650.58
optical_sim_0166.png,Real Photo,0,0,0.124,Authentic Optical Camera,SDXL,32.17,1.352,-0.0001,3.03,1675.16
optical_sim_0167.png,Real Photo,0,0,0.1053,Authentic Optical Camera,SDXL,35.59,1.109,-0.001,3.09,1678.0
optical_sim_0168.png,Real Photo,0,0,0.1083,Authentic Optical Camera,SDXL,33.78,1.149,-0.003,3.02,1659.87
optical_sim_0169.png,Real Photo,0,0,0.1133,Authentic Optical Camera,SDXL,33.38,1.213,-0.002,3.01,1655.46
optical_sim_0170.png,Real Photo,0,0,0.1085,Authentic Optical Camera,SDXL,32.12,1.151,0.0026,3.02,1660.13
optical_sim_0171.png,Real Photo,0,0,0.1109,Authentic Optical Camera,SDXL,32.47,1.182,-0.0002,3.02,1651.0
optical_sim_0172.png,Real Photo,0,0,0.1134,Authentic Optical Camera,SDXL,32.46,1.214,-0.0024,3.03,1673.72
optical_sim_0173.png,Real Photo,0,0,0.1037,Authentic Optical Camera,SDXL,34.91,1.088,0.0004,3.04,1671.98
optical_sim_0174.png,Real Photo,0,0,0.1012,Authentic Optical Camera,SDXL,33.19,1.055,0.0003,3.02,1711.93
optical_sim_0175.png,Real Photo,0,0,0.121,Authentic Optical Camera,SDXL,34.26,1.313,-0.0003,3.02,1674.73
optical_sim_0176.png,Real Photo,0,0,0.0992,Authentic Optical Camera,SDXL,32.46,1.03,-0.0031,3.02,1654.07
optical_sim_0177.png,Real Photo,0,0,0.1188,Authentic Optical Camera,SDXL,34.36,1.284,0.001,3.03,1659.41
optical_sim_0178.png,Real Photo,0,0,0.1096,Authentic Optical Camera,SDXL,32.84,1.165,0.0,3.02,1658.44
optical_sim_0179.png,Real Photo,0,0,0.122,Authentic Optical Camera,SDXL,33.83,1.326,-0.0016,3.02,1675.87
optical_sim_0180.png,Real Photo,0,0,0.0986,Authentic Optical Camera,SDXL,33.5,1.022,0.0015,3.03,1682.24
optical_sim_0181.png,Real Photo,0,0,0.1008,Authentic Optical Camera,SDXL,33.56,1.051,-0.0006,2.99,1684.24
optical_sim_0182.png,Real Photo,0,0,0.0992,Authentic Optical Camera,SDXL,33.02,1.03,0.0003,3.02,1677.24
optical_sim_0183.png,Real Photo,0,0,0.1075,Authentic Optical Camera,SDXL,34.11,1.137,0.0011,3.05,1679.3
optical_sim_0184.png,Real Photo,0,0,0.1019,Authentic Optical Camera,SDXL,32.21,1.065,-0.0002,3.01,1662.96
optical_sim_0185.png,Real Photo,0,0,0.1086,Authentic Optical Camera,SDXL,33.74,1.152,-0.0025,3.05,1665.37
optical_sim_0186.png,Real Photo,0,0,0.1153,Authentic Optical Camera,SDXL,35.27,1.239,-0.0013,3.03,1686.72
optical_sim_0187.png,Real Photo,0,0,0.1069,Authentic Optical Camera,SDXL,34.03,1.129,-0.0008,3.04,1663.6
optical_sim_0188.png,Real Photo,0,0,0.1186,Authentic Optical Camera,SDXL,33.8,1.282,0.0022,3.02,1653.67
optical_sim_0189.png,Real Photo,0,0,0.1105,Authentic Optical Camera,SDXL,34.07,1.177,-0.0015,3.03,1665.19
optical_sim_0190.png,Real Photo,0,0,0.1057,Authentic Optical Camera,SDXL,32.85,1.114,0.0004,3.04,1684.93
optical_sim_0191.png,Real Photo,0,0,0.091,Authentic Optical Camera,SDXL,32.81,0.923,0.0001,3.05,1659.34
optical_sim_0192.png,Real Photo,0,0,0.1048,Authentic Optical Camera,SDXL,33.9,1.102,-0.0,3.03,1658.22
optical_sim_0193.png,Real Photo,0,0,0.1119,Authentic Optical Camera,SDXL,34.81,1.194,0.003,3.04,1654.11
optical_sim_0194.png,Real Photo,0,0,0.1052,Authentic Optical Camera,SDXL,32.18,1.108,-0.0006,3.01,1658.46
optical_sim_0195.png,Real Photo,0,0,0.1066,Authentic Optical Camera,SDXL,33.6,1.126,-0.001,3.02,1660.52
optical_sim_0196.png,Real Photo,0,0,0.1079,Authentic Optical Camera,SDXL,33.04,1.143,0.0002,3.01,1655.06
optical_sim_0197.png,Real Photo,0,0,0.1122,Authentic Optical Camera,SDXL,33.52,1.199,-0.0015,3.02,1680.87
optical_sim_0198.png,Real Photo,0,0,0.1018,Authentic Optical Camera,SDXL,32.34,1.064,0.0007,3.04,1684.47
optical_sim_0199.png,Real Photo,0,0,0.104,Authentic Optical Camera,SDXL,32.4,1.092,-0.0008,3.01,1665.7
optical_sim_0200.png,Real Photo,0,0,0.1183,Authentic Optical Camera,SDXL,33.43,1.277,-0.0001,3.03,1654.49
optical_sim_0201.png,Real Photo,0,0,0.096,Authentic Optical Camera,SDXL,34.14,0.988,-0.003,3.07,1656.04
optical_sim_0202.png,Real Photo,0,0,0.1051,Authentic Optical Camera,SDXL,33.09,1.106,0.0007,3.02,1655.99
optical_sim_0203.png,Real Photo,0,0,0.1063,Authentic Optical Camera,SDXL,33.75,1.122,0.0015,3.05,1668.75
optical_sim_0204.png,Real Photo,0,0,0.1009,Authentic Optical Camera,SDXL,34.37,1.051,0.0023,3.05,1672.59
optical_sim_0205.png,Real Photo,0,0,0.1162,Authentic Optical Camera,SDXL,32.6,1.25,-0.002,3.03,1677.96
optical_sim_0206.png,Real Photo,0,0,0.0989,Authentic Optical Camera,SDXL,33.29,1.025,0.002,3.03,1656.7
optical_sim_0207.png,Real Photo,0,0,0.1057,Authentic Optical Camera,SDXL,34.21,1.114,-0.001,3.02,1662.15
optical_sim_0208.png,Real Photo,0,0,0.1124,Authentic Optical Camera,SDXL,33.4,1.201,0.0021,3.04,1660.57
optical_sim_0209.png,Real Photo,0,0,0.0925,Authentic Optical Camera,SDXL,33.73,0.943,-0.0017,3.01,1669.83
optical_sim_0210.png,Real Photo,0,0,0.1068,Authentic Optical Camera,SDXL,34.49,1.128,0.0011,3.04,1662.21
optical_sim_0211.png,Real Photo,0,0,0.1033,Authentic Optical Camera,SDXL,32.47,1.083,-0.0013,3.02,1687.41
optical_sim_0212.png,Real Photo,0,0,0.1071,Authentic Optical Camera,SDXL,32.72,1.133,0.0004,3.02,1691.31
optical_sim_0213.png,Real Photo,0,0,0.1033,Authentic Optical Camera,SDXL,32.72,1.082,0.0002,3.02,1671.91
optical_sim_0214.png,Real Photo,0,0,0.1064,Authentic Optical Camera,SDXL,33.19,1.124,0.0029,3.01,1658.93
optical_sim_0215.png,Real Photo,0,0,0.1002,Authentic Optical Camera,SDXL,34.07,1.043,0.0012,3.0,1669.03
optical_sim_0216.png,Real Photo,0,0,0.1005,Authentic Optical Camera,SDXL,33.84,1.047,-0.0003,3.0,1675.25
optical_sim_0217.png,Real Photo,0,0,0.1042,Authentic Optical Camera,SDXL,33.11,1.095,-0.0002,3.04,1659.04
optical_sim_0218.png,Real Photo,0,0,0.1147,Authentic Optical Camera,SDXL,34.73,1.232,-0.0013,3.04,1670.03
optical_sim_0219.png,Real Photo,0,0,0.1026,Authentic Optical Camera,SDXL,33.89,1.074,0.0002,3.02,1685.19
optical_sim_0220.png,Real Photo,0,0,0.0989,Authentic Optical Camera,SDXL,32.35,1.026,0.0022,3.03,1679.64
optical_sim_0221.png,Real Photo,0,0,0.1013,Authentic Optical Camera,SDXL,33.87,1.056,-0.0005,3.02,1664.13
optical_sim_0222.png,Real Photo,0,0,0.1163,Authentic Optical Camera,SDXL,32.2,1.252,-0.0009,3.0,1679.73
optical_sim_0223.png,Real Photo,0,0,0.1146,Authentic Optical Camera,SDXL,33.93,1.23,0.0003,3.04,1654.52
optical_sim_0224.png,Real Photo,0,0,0.1124,Authentic Optical Camera,SDXL,32.69,1.201,-0.0005,3.01,1662.04
optical_sim_0225.png,Real Photo,0,0,0.1071,Authentic Optical Camera,SDXL,33.25,1.132,0.0014,3.06,1663.67
optical_sim_0226.png,Real Photo,0,0,0.1072,Authentic Optical Camera,SDXL,32.07,1.134,0.0016,3.04,1675.16
optical_sim_0227.png,Real Photo,0,0,0.1216,Authentic Optical Camera,SDXL,33.16,1.321,0.0008,3.03,1692.09
optical_sim_0228.png,Real Photo,0,0,0.1146,Authentic Optical Camera,SDXL,32.02,1.229,0.0012,3.02,1656.96
optical_sim_0229.png,Real Photo,0,0,0.0976,Authentic Optical Camera,SDXL,33.77,1.009,-0.0009,3.03,1668.44
optical_sim_0230.png,Real Photo,0,0,0.1031,Authentic Optical Camera,SDXL,32.86,1.081,0.0008,3.02,1675.6
optical_sim_0231.png,Real Photo,0,0,0.1059,Authentic Optical Camera,SDXL,32.56,1.116,-0.0031,3.02,1668.57
optical_sim_0232.png,Real Photo,0,0,0.11,Authentic Optical Camera,SDXL,33.0,1.17,-0.0005,3.03,1677.14
optical_sim_0233.png,Real Photo,0,0,0.1084,Authentic Optical Camera,SDXL,33.72,1.15,-0.0011,3.02,1668.43
optical_sim_0234.png,Real Photo,0,0,0.1139,Authentic Optical Camera,SDXL,33.08,1.221,0.0021,3.03,1689.63
optical_sim_0235.png,Real Photo,0,0,0.1207,Authentic Optical Camera,SDXL,33.62,1.309,0.001,3.01,1685.74
optical_sim_0236.png,Real Photo,0,0,0.0974,Authentic Optical Camera,SDXL,33.73,1.007,-0.0015,3.04,1677.1
optical_sim_0237.png,Real Photo,0,0,0.109,Authentic Optical Camera,SDXL,33.34,1.157,0.0013,3.03,1664.74
optical_sim_0238.png,Real Photo,0,0,0.0964,Authentic Optical Camera,SDXL,32.34,0.994,0.0007,3.03,1656.71
optical_sim_0239.png,Real Photo,0,0,0.11,Authentic Optical Camera,SDXL,33.71,1.17,0.0,3.04,1670.69
optical_sim_0240.png,Real Photo,0,0,0.1067,Authentic Optical Camera,SDXL,33.22,1.127,-0.0003,3.03,1662.69
optical_sim_0241.png,Real Photo,0,0,0.1076,Authentic Optical Camera,SDXL,33.53,1.139,-0.0004,3.02,1697.46
optical_sim_0242.png,Real Photo,0,0,0.1103,Authentic Optical Camera,SDXL,33.87,1.174,0.0018,3.03,1693.23
optical_sim_0243.png,Real Photo,0,0,0.1084,Authentic Optical Camera,SDXL,32.75,1.149,-0.001,3.04,1679.16
optical_sim_0244.png,Real Photo,0,0,0.0985,Authentic Optical Camera,SDXL,34.77,1.02,0.0011,3.03,1679.67
optical_sim_0245.png,Real Photo,0,0,0.106,Authentic Optical Camera,SDXL,32.74,1.118,-0.0002,3.02,1683.68
optical_sim_0246.png,Real Photo,0,0,0.0983,Authentic Optical Camera,SDXL,32.48,1.018,0.0016,3.02,1666.25
optical_sim_0247.png,Real Photo,0,0,0.1073,Authentic Optical Camera,SDXL,32.34,1.134,0.0029,3.02,1676.18
optical_sim_0248.png,Real Photo,0,0,0.1114,Authentic Optical Camera,SDXL,35.1,1.188,-0.0006,3.05,1674.86
optical_sim_0249.png,Real Photo,0,0,0.115,Authentic Optical Camera,SDXL,33.38,1.235,-0.0008,3.02,1703.76
optical_sim_0250.png,Real Photo,0,0,0.1089,Authentic Optical Camera,SDXL,33.79,1.155,0.0009,3.02,1693.04
optical_sim_0251.png,Real Photo,0,0,0.117,Authentic Optical Camera,SDXL,34.5,1.262,-0.0026,3.03,1674.71
optical_sim_0252.png,Real Photo,0,0,0.0996,Authentic Optical Camera,SDXL,31.69,1.034,0.0007,3.02,1674.8
optical_sim_0253.png,Real Photo,0,0,0.1091,Authentic Optical Camera,SDXL,33.28,1.159,-0.0007,3.02,1675.79
optical_sim_0254.png,Real Photo,0,0,0.1031,Authentic Optical Camera,SDXL,32.74,1.08,-0.001,3.04,1679.07
optical_sim_0255.png,Real Photo,0,0,0.112,Authentic Optical Camera,SDXL,33.54,1.197,-0.0004,3.03,1679.66
optical_sim_0256.png,Real Photo,0,0,0.1113,Authentic Optical Camera,SDXL,32.94,1.187,0.0007,3.03,1672.58
optical_sim_0257.png,Real Photo,0,0,0.1156,Authentic Optical Camera,SDXL,33.4,1.243,0.0007,3.05,1701.76
optical_sim_0258.png,Real Photo,0,0,0.1016,Authentic Optical Camera,SDXL,34.1,1.061,0.0025,3.04,1670.82
optical_sim_0259.png,Real Photo,0,0,0.1083,Authentic Optical Camera,SDXL,32.59,1.148,0.0003,3.0,1659.57
optical_sim_0260.png,Real Photo,0,0,0.1147,Authentic Optical Camera,SDXL,34.15,1.231,-0.0,3.05,1684.18
optical_sim_0261.png,Real Photo,0,0,0.109,Authentic Optical Camera,SDXL,34.23,1.157,0.0023,3.05,1673.19
optical_sim_0262.png,Real Photo,0,0,0.1222,Authentic Optical Camera,SDXL,34.55,1.328,0.0003,3.03,1677.83
optical_sim_0263.png,Real Photo,0,0,0.1154,Authentic Optical Camera,SDXL,32.16,1.241,-0.0011,3.03,1688.76
optical_sim_0264.png,Real Photo,0,0,0.0973,Authentic Optical Camera,SDXL,31.62,1.006,0.0003,3.02,1697.95
optical_sim_0265.png,Real Photo,0,0,0.1056,Authentic Optical Camera,SDXL,32.47,1.112,0.0015,3.03,1679.12
optical_sim_0266.png,Real Photo,0,0,0.1171,Authentic Optical Camera,SDXL,33.98,1.262,-0.0,3.02,1684.23
optical_sim_0267.png,Real Photo,0,0,0.0938,Authentic Optical Camera,SDXL,34.88,0.96,-0.0023,3.09,1667.55
optical_sim_0268.png,Real Photo,0,0,0.1027,Authentic Optical Camera,SDXL,34.15,1.076,0.0014,3.05,1675.98
optical_sim_0269.png,Real Photo,0,0,0.116,Authentic Optical Camera,SDXL,33.34,1.248,0.0009,3.03,1662.56
optical_sim_0270.png,Real Photo,0,0,0.1075,Authentic Optical Camera,SDXL,32.58,1.138,0.0011,3.01,1674.21
optical_sim_0271.png,Real Photo,0,0,0.1049,Authentic Optical Camera,SDXL,34.66,1.104,0.0005,3.04,1678.3
optical_sim_0272.png,Real Photo,0,0,0.1124,Authentic Optical Camera,SDXL,33.51,1.202,-0.0015,3.02,1684.57
optical_sim_0273.png,Real Photo,0,0,0.1012,Authentic Optical Camera,SDXL,32.39,1.056,0.0013,3.03,1667.72
optical_sim_0274.png,Real Photo,0,0,0.1168,Authentic Optical Camera,SDXL,34.18,1.258,0.0015,3.05,1672.2
optical_sim_0275.png,Real Photo,0,0,0.1073,Authentic Optical Camera,SDXL,32.95,1.135,-0.0021,3.04,1672.99
optical_sim_0276.png,Real Photo,0,0,0.1075,Authentic Optical Camera,SDXL,33.22,1.138,-0.0011,3.03,1664.15
optical_sim_0277.png,Real Photo,0,0,0.1191,Authentic Optical Camera,SDXL,33.3,1.288,0.0024,3.01,1668.02
optical_sim_0278.png,Real Photo,0,0,0.1038,Authentic Optical Camera,SDXL,33.28,1.089,-0.0024,3.01,1683.87
optical_sim_0279.png,Real Photo,0,0,0.1133,Authentic Optical Camera,SDXL,33.81,1.213,0.0005,3.04,1698.06
optical_sim_0280.png,Real Photo,0,0,0.113,Authentic Optical Camera,SDXL,33.99,1.209,-0.0017,3.03,1692.51
optical_sim_0281.png,Real Photo,0,0,0.1112,Authentic Optical Camera,SDXL,33.87,1.186,-0.0004,3.02,1668.65
optical_sim_0282.png,Real Photo,0,0,0.1077,Authentic Optical Camera,SDXL,34.28,1.14,0.0003,3.04,1678.71
optical_sim_0283.png,Real Photo,0,0,0.1037,Authentic Optical Camera,SDXL,34.86,1.089,-0.0022,3.06,1673.49
optical_sim_0284.png,Real Photo,0,0,0.1032,Authentic Optical Camera,SDXL,33.05,1.082,0.0023,3.01,1678.32
optical_sim_0285.png,Real Photo,0,0,0.0976,Authentic Optical Camera,SDXL,31.7,1.009,-0.0018,3.02,1662.88
optical_sim_0286.png,Real Photo,0,0,0.1042,Authentic Optical Camera,SDXL,35.1,1.095,0.0028,3.06,1693.56
optical_sim_0287.png,Real Photo,0,0,0.0964,Authentic Optical Camera,SDXL,32.14,0.993,-0.0012,3.02,1702.06
optical_sim_0288.png,Real Photo,0,0,0.1145,Authentic Optical Camera,SDXL,32.09,1.228,0.0005,3.03,1675.4
optical_sim_0289.png,Real Photo,0,0,0.1192,Authentic Optical Camera,SDXL,33.32,1.289,-0.0026,3.04,1668.94
optical_sim_0290.png,Real Photo,0,0,0.1056,Authentic Optical Camera,SDXL,32.11,1.113,-0.0005,3.01,1661.28
optical_sim_0291.png,Real Photo,0,0,0.106,Authentic Optical Camera,SDXL,33.65,1.118,-0.0004,3.01,1657.38
optical_sim_0292.png,Real Photo,0,0,0.1109,Authentic Optical Camera,SDXL,34.02,1.182,0.003,3.0,1677.27
optical_sim_0293.png,Real Photo,0,0,0.1053,Authentic Optical Camera,SDXL,34.02,1.109,-0.0005,3.04,1674.66
optical_sim_0294.png,Real Photo,0,0,0.1126,Authentic Optical Camera,SDXL,33.73,1.203,-0.0001,3.04,1695.25
optical_sim_0295.png,Real Photo,0,0,0.1159,Authentic Optical Camera,SDXL,33.38,1.247,-0.0004,3.02,1678.59
optical_sim_0296.png,Real Photo,0,0,0.1064,Authentic Optical Camera,SDXL,33.59,1.124,-0.0004,3.03,1662.38
optical_sim_0297.png,Real Photo,0,0,0.1004,Authentic Optical Camera,SDXL,33.5,1.045,-0.001,3.04,1675.94
optical_sim_0298.png,Real Photo,0,0,0.1001,Authentic Optical Camera,SDXL,32.96,1.041,0.0004,3.02,1670.57
optical_sim_0299.png,Real Photo,0,0,0.091,Authentic Optical Camera,SDXL,34.66,0.923,0.001,3.02,1675.88
optical_sim_0300.png,Real Photo,0,0,0.1105,Authentic Optical Camera,SDXL,33.88,1.177,-0.0002,3.03,1672.02
optical_sim_0301.png,Real Photo,0,0,0.1086,Authentic Optical Camera,SDXL,32.49,1.151,-0.0003,2.99,1691.33
optical_sim_0302.png,Real Photo,0,0,0.115,Authentic Optical Camera,SDXL,33.66,1.235,0.0019,3.02,1678.22
optical_sim_0303.png,Real Photo,0,0,0.0993,Authentic Optical Camera,SDXL,33.81,1.031,-0.0003,3.04,1662.16
optical_sim_0304.png,Real Photo,0,0,0.1103,Authentic Optical Camera,SDXL,33.19,1.174,0.0029,3.03,1667.81
optical_sim_0305.png,Real Photo,0,0,0.1015,Authentic Optical Camera,SDXL,35.09,1.059,0.0002,3.02,1663.64
optical_sim_0306.png,Real Photo,0,0,0.108,Authentic Optical Camera,SDXL,32.69,1.143,0.0027,3.03,1676.93
optical_sim_0307.png,Real Photo,0,0,0.1022,Authentic Optical Camera,SDXL,33.3,1.068,-0.0025,3.03,1680.13
optical_sim_0308.png,Real Photo,0,0,0.1212,Authentic Optical Camera,SDXL,33.81,1.315,-0.0003,3.03,1686.32
optical_sim_0309.png,Real Photo,0,0,0.1155,Authentic Optical Camera,SDXL,33.72,1.241,0.0005,3.02,1672.49
optical_sim_0310.png,Real Photo,0,0,0.1041,Authentic Optical Camera,SDXL,33.99,1.093,0.0014,3.04,1676.76
optical_sim_0311.png,Real Photo,0,0,0.1005,Authentic Optical Camera,SDXL,32.75,1.047,-0.0018,3.03,1666.78
optical_sim_0312.png,Real Photo,0,0,0.1158,Authentic Optical Camera,SDXL,33.8,1.245,0.0024,3.05,1671.82
optical_sim_0313.png,Real Photo,0,0,0.1188,Authentic Optical Camera,SDXL,33.27,1.285,0.0025,3.02,1670.0
optical_sim_0314.png,Real Photo,0,0,0.104,Authentic Optical Camera,SDXL,34.09,1.092,0.0014,3.04,1680.73
optical_sim_0315.png,Real Photo,0,0,0.1153,Authentic Optical Camera,SDXL,33.74,1.238,-0.0016,3.03,1663.53
optical_sim_0316.png,Real Photo,0,0,0.1036,Authentic Optical Camera,SDXL,32.9,1.087,0.0003,3.05,1694.76
optical_sim_0317.png,Real Photo,0,0,0.107,Authentic Optical Camera,SDXL,34.24,1.131,0.001,3.06,1676.95
optical_sim_0318.png,Real Photo,0,0,0.1099,Authentic Optical Camera,SDXL,33.42,1.169,0.0019,3.02,1667.82
optical_sim_0319.png,Real Photo,0,0,0.1153,Authentic Optical Camera,SDXL,31.85,1.238,0.0006,3.01,1678.78
optical_sim_0320.png,Real Photo,0,0,0.1011,Authentic Optical Camera,SDXL,32.77,1.054,-0.0002,3.03,1678.25
optical_sim_0321.png,Real Photo,0,0,0.1121,Authentic Optical Camera,SDXL,34.16,1.198,0.0003,3.02,1668.28
optical_sim_0322.png,Real Photo,0,0,0.1141,Authentic Optical Camera,SDXL,33.21,1.224,0.0014,3.04,1666.62
optical_sim_0323.png,Real Photo,0,0,0.1038,Authentic Optical Camera,SDXL,33.26,1.09,0.0005,3.06,1684.05
optical_sim_0324.png,Real Photo,0,0,0.105,Authentic Optical Camera,SDXL,33.59,1.105,0.0007,3.02,1693.94
optical_sim_0325.png,Real Photo,0,0,0.1031,Authentic Optical Camera,SDXL,33.07,1.08,-0.003,3.03,1675.97
optical_sim_0326.png,Real Photo,0,0,0.1025,Authentic Optical Camera,SDXL,34.54,1.073,-0.0006,3.03,1702.25
optical_sim_0327.png,Real Photo,0,0,0.1097,Authentic Optical Camera,SDXL,33.46,1.166,-0.0023,3.02,1679.43
optical_sim_0328.png,Real Photo,0,0,0.1025,Authentic Optical Camera,SDXL,33.81,1.072,-0.0013,3.02,1686.59
optical_sim_0329.png,Real Photo,0,0,0.1049,Authentic Optical Camera,SDXL,34.51,1.104,-0.0,3.06,1665.27
optical_sim_0330.png,Real Photo,0,0,0.1174,Authentic Optical Camera,SDXL,34.04,1.267,0.0023,3.04,1674.24
optical_sim_0331.png,Real Photo,0,0,0.1045,Authentic Optical Camera,SDXL,34.11,1.098,0.0035,3.03,1693.04
optical_sim_0332.png,Real Photo,0,0,0.1173,Authentic Optical Camera,SDXL,34.28,1.265,-0.0009,3.01,1691.43
optical_sim_0333.png,Real Photo,0,0,0.1186,Authentic Optical Camera,SDXL,34.64,1.282,0.0013,3.0,1668.16
optical_sim_0334.png,Real Photo,0,0,0.0995,Authentic Optical Camera,SDXL,34.58,1.033,-0.0009,3.01,1678.53
optical_sim_0335.png,Real Photo,0,0,0.1011,Authentic Optical Camera,SDXL,32.87,1.054,0.0003,3.01,1677.42
optical_sim_0336.png,Real Photo,0,0,0.11,Authentic Optical Camera,SDXL,33.3,1.17,0.0005,3.02,1670.97
optical_sim_0337.png,Real Photo,0,0,0.1103,Authentic Optical Camera,SDXL,34.46,1.173,-0.0007,3.02,1686.51
optical_sim_0338.png,Real Photo,0,0,0.1116,Authentic Optical Camera,SDXL,34.64,1.191,0.0011,3.04,1692.65
optical_sim_0339.png,Real Photo,0,0,0.1123,Authentic Optical Camera,SDXL,33.93,1.2,0.0024,3.04,1685.96
optical_sim_0340.png,Real Photo,0,0,0.1123,Authentic Optical Camera,SDXL,31.71,1.2,0.0009,3.01,1665.82
optical_sim_0341.png,Real Photo,0,0,0.1126,Authentic Optical Camera,SDXL,34.15,1.204,-0.0012,3.02,1671.6
optical_sim_0342.png,Real Photo,0,0,0.1007,Authentic Optical Camera,SDXL,32.36,1.05,0.0002,3.01,1687.17
optical_sim_0343.png,Real Photo,0,0,0.1099,Authentic Optical Camera,SDXL,32.69,1.168,-0.0007,3.01,1676.01
optical_sim_0344.png,Real Photo,0,0,0.1096,Authentic Optical Camera,SDXL,33.69,1.165,-0.0006,3.04,1677.75
optical_sim_0345.png,Real Photo,0,0,0.115,Authentic Optical Camera,SDXL,34.21,1.235,-0.0011,3.03,1682.09
optical_sim_0346.png,Real Photo,0,0,0.1028,Authentic Optical Camera,SDXL,33.21,1.077,-0.0005,3.02,1697.28
optical_sim_0347.png,Real Photo,0,0,0.1127,Authentic Optical Camera,SDXL,34.6,1.206,0.0,3.03,1712.67
optical_sim_0348.png,Real Photo,0,0,0.0987,Authentic Optical Camera,SDXL,32.59,1.023,0.0008,3.03,1666.49
optical_sim_0349.png,Real Photo,0,0,0.1051,Authentic Optical Camera,SDXL,33.35,1.107,0.0025,3.02,1684.11
optical_sim_0350.png,Real Photo,0,0,0.1079,Authentic Optical Camera,SDXL,33.31,1.143,0.0006,3.02,1677.81
optical_sim_0351.png,Real Photo,0,0,0.1061,Authentic Optical Camera,SDXL,33.19,1.119,-0.0019,3.03,1690.01
optical_sim_0352.png,Real Photo,0,0,0.1033,Authentic Optical Camera,SDXL,31.67,1.083,-0.0002,3.02,1688.97
optical_sim_0353.png,Real Photo,0,0,0.1106,Authentic Optical Camera,SDXL,33.13,1.177,-0.0018,3.02,1682.38
optical_sim_0354.png,Real Photo,0,0,0.1104,Authentic Optical Camera,SDXL,32.21,1.175,0.0014,3.01,1687.69
optical_sim_0355.png,Real Photo,0,0,0.1126,Authentic Optical Camera,SDXL,32.92,1.204,0.0005,3.02,1692.24
optical_sim_0356.png,Real Photo,0,0,0.1118,Authentic Optical Camera,SDXL,34.09,1.194,-0.0015,3.02,1677.36
optical_sim_0357.png,Real Photo,0,0,0.1035,Authentic Optical Camera,SDXL,34.03,1.086,-0.0017,3.02,1682.46
optical_sim_0358.png,Real Photo,0,0,0.1053,Authentic Optical Camera,SDXL,32.19,1.109,0.0023,3.01,1688.26
optical_sim_0359.png,Real Photo,0,0,0.1007,Authentic Optical Camera,SDXL,33.4,1.049,-0.0004,3.02,1673.52
optical_sim_0360.png,Real Photo,0,0,0.1039,Authentic Optical Camera,SDXL,32.54,1.091,-0.0003,3.02,1684.89
optical_sim_0361.png,Real Photo,0,0,0.1089,Authentic Optical Camera,SDXL,33.72,1.155,-0.0005,3.04,1699.89
optical_sim_0362.png,Real Photo,0,0,0.1211,Authentic Optical Camera,SDXL,34.43,1.314,-0.0028,3.05,1684.92
optical_sim_0363.png,Real Photo,0,0,0.1127,Authentic Optical Camera,SDXL,32.68,1.205,-0.0002,3.02,1675.26
optical_sim_0364.png,Real Photo,0,0,0.1075,Authentic Optical Camera,SDXL,33.68,1.137,0.0014,3.06,1662.6
optical_sim_0365.png,Real Photo,0,0,0.1106,Authentic Optical Camera,SDXL,34.14,1.178,-0.003,3.06,1671.47
optical_sim_0366.png,Real Photo,0,0,0.1146,Authentic Optical Camera,SDXL,32.35,1.229,0.0002,2.99,1674.78
optical_sim_0367.png,Real Photo,0,0,0.1006,Authentic Optical Camera,SDXL,32.7,1.048,-0.0002,3.01,1682.95
optical_sim_0368.png,Real Photo,0,0,0.1088,Authentic Optical Camera,SDXL,33.66,1.155,0.0028,3.04,1709.95
optical_sim_0369.png,Real Photo,0,0,0.0965,Authentic Optical Camera,SDXL,34.09,0.995,-0.0002,3.03,1680.42
optical_sim_0370.png,Real Photo,0,0,0.1265,Authentic Optical Camera,SDXL,33.72,1.384,-0.0011,3.05,1663.11
optical_sim_0371.png,Real Photo,0,0,0.1037,Authentic Optical Camera,SDXL,33.47,1.088,0.0018,3.02,1668.07
optical_sim_0372.png,Real Photo,0,0,0.1015,Authentic Optical Camera,SDXL,32.92,1.06,-0.0027,3.02,1663.37
optical_sim_0373.png,Real Photo,0,0,0.1144,Authentic Optical Camera,SDXL,34.49,1.227,0.0003,3.05,1662.15
optical_sim_0374.png,Real Photo,0,0,0.1037,Authentic Optical Camera,SDXL,33.26,1.088,-0.0013,3.03,1660.28
optical_sim_0375.png,Real Photo,0,0,0.1077,Authentic Optical Camera,SDXL,33.17,1.14,0.0,3.02,1676.63
optical_sim_0376.png,Real Photo,0,0,0.1047,Authentic Optical Camera,SDXL,33.78,1.101,0.0015,3.01,1690.5
optical_sim_0377.png,Real Photo,0,0,0.1118,Authentic Optical Camera,SDXL,34.05,1.193,0.0015,3.04,1674.58
optical_sim_0378.png,Real Photo,0,0,0.1131,Authentic Optical Camera,SDXL,34.81,1.21,0.0009,3.05,1662.87
optical_sim_0379.png,Real Photo,0,0,0.0999,Authentic Optical Camera,SDXL,34.08,1.039,0.0014,3.04,1666.04
optical_sim_0380.png,Real Photo,0,0,0.1052,Authentic Optical Camera,SDXL,33.42,1.108,0.0003,3.02,1680.61
optical_sim_0381.png,Real Photo,0,0,0.0981,Authentic Optical Camera,SDXL,32.79,1.015,0.0016,3.02,1677.76
optical_sim_0382.png,Real Photo,0,0,0.102,Authentic Optical Camera,SDXL,33.53,1.066,-0.0001,3.01,1678.83
optical_sim_0383.png,Real Photo,0,0,0.1124,Authentic Optical Camera,SDXL,34.16,1.202,0.0014,3.05,1700.02
optical_sim_0384.png,Real Photo,0,0,0.1123,Authentic Optical Camera,SDXL,34.25,1.2,-0.0001,3.04,1680.53
optical_sim_0385.png,Real Photo,0,0,0.1272,Authentic Optical Camera,SDXL,34.77,1.394,-0.0002,3.07,1684.05
optical_sim_0386.png,Real Photo,0,0,0.1136,Authentic Optical Camera,SDXL,33.97,1.216,0.0003,3.02,1657.33
optical_sim_0387.png,Real Photo,0,0,0.1068,Authentic Optical Camera,SDXL,34.24,1.128,0.0028,3.08,1657.32
optical_sim_0388.png,Real Photo,0,0,0.1015,Authentic Optical Camera,SDXL,32.02,1.059,-0.0002,3.01,1674.92
optical_sim_0389.png,Real Photo,0,0,0.1074,Authentic Optical Camera,SDXL,33.37,1.136,0.0021,3.02,1677.69
optical_sim_0390.png,Real Photo,0,0,0.1189,Authentic Optical Camera,SDXL,33.14,1.286,-0.0008,3.02,1696.0
optical_sim_0391.png,Real Photo,0,0,0.0959,Authentic Optical Camera,SDXL,33.41,0.987,-0.001,3.04,1693.63
optical_sim_0392.png,Real Photo,0,0,0.1088,Authentic Optical Camera,SDXL,33.9,1.155,0.0003,3.02,1666.37
optical_sim_0393.png,Real Photo,0,0,0.1049,Authentic Optical Camera,SDXL,33.92,1.103,0.0007,3.05,1661.65
optical_sim_0394.png,Real Photo,0,0,0.1102,Authentic Optical Camera,SDXL,33.2,1.172,0.0007,3.01,1666.38
optical_sim_0395.png,Real Photo,0,0,0.1101,Authentic Optical Camera,SDXL,33.97,1.171,0.0003,3.02,1660.23
optical_sim_0396.png,Real Photo,0,0,0.1062,Authentic Optical Camera,SDXL,33.19,1.12,0.0009,3.03,1672.99
optical_sim_0397.png,Real Photo,0,0,0.1044,Authentic Optical Camera,SDXL,32.19,1.097,-0.002,3.01,1673.04
optical_sim_0398.png,Real Photo,0,0,0.1097,Authentic Optical Camera,SDXL,34.1,1.166,0.0025,3.02,1688.64
optical_sim_0399.png,Real Photo,0,0,0.1102,Authentic Optical Camera,SDXL,34.01,1.173,0.0001,3.04,1686.17
optical_sim_0400.png,Real Photo,0,0,0.0974,Authentic Optical Camera,SDXL,34.52,1.006,-0.004,3.05,1654.26
optical_sim_0401.png,Real Photo,0,0,0.1086,Authentic Optical Camera,SDXL,34.85,1.152,-0.0017,3.06,1657.4
optical_sim_0402.png,Real Photo,0,0,0.1026,Authentic Optical Camera,SDXL,33.14,1.074,-0.0001,3.01,1667.35
optical_sim_0403.png,Real Photo,0,0,0.1064,Authentic Optical Camera,SDXL,33.53,1.123,0.0022,3.02,1663.14
optical_sim_0404.png,Real Photo,0,0,0.1127,Authentic Optical Camera,SDXL,33.43,1.206,-0.0013,3.03,1657.15
optical_sim_0405.png,Real Photo,0,0,0.1159,Authentic Optical Camera,SDXL,31.98,1.247,-0.0006,3.01,1679.01
optical_sim_0406.png,Real Photo,0,0,0.1069,Authentic Optical Camera,SDXL,33.93,1.13,0.0013,3.03,1686.36
optical_sim_0407.png,Real Photo,0,0,0.1036,Authentic Optical Camera,SDXL,33.02,1.087,0.0027,3.01,1658.12
optical_sim_0408.png,Real Photo,0,0,0.1193,Authentic Optical Camera,SDXL,34.46,1.29,-0.0004,3.04,1655.67
optical_sim_0409.png,Real Photo,0,0,0.093,Authentic Optical Camera,SDXL,34.11,0.95,0.0012,3.04,1675.04
optical_sim_0410.png,Real Photo,0,0,0.116,Authentic Optical Camera,SDXL,33.62,1.248,-0.0006,3.01,1668.65
optical_sim_0411.png,Real Photo,0,0,0.1114,Authentic Optical Camera,SDXL,33.2,1.188,0.0004,3.04,1666.61
optical_sim_0412.png,Real Photo,0,0,0.1182,Authentic Optical Camera,SDXL,33.42,1.277,0.0007,3.01,1676.63
optical_sim_0413.png,Real Photo,0,0,0.1173,Authentic Optical Camera,SDXL,32.75,1.265,-0.0002,3.01,1694.55
optical_sim_0414.png,Real Photo,0,0,0.1141,Authentic Optical Camera,SDXL,33.84,1.223,0.0001,3.03,1691.1
optical_sim_0415.png,Real Photo,0,0,0.099,Authentic Optical Camera,SDXL,33.33,1.027,-0.0016,3.04,1667.58
optical_sim_0416.png,Real Photo,0,0,0.114,Authentic Optical Camera,SDXL,33.44,1.222,0.0002,3.04,1660.6
optical_sim_0417.png,Real Photo,0,0,0.1046,Authentic Optical Camera,SDXL,33.84,1.1,-0.0008,3.05,1661.88
optical_sim_0418.png,Real Photo,0,0,0.1106,Authentic Optical Camera,SDXL,33.25,1.178,-0.0019,3.02,1689.25
optical_sim_0419.png,Real Photo,0,0,0.1103,Authentic Optical Camera,SDXL,33.09,1.175,-0.0022,3.02,1682.22
optical_sim_0420.png,Real Photo,0,0,0.0967,Authentic Optical Camera,SDXL,33.33,0.997,0.0019,3.01,1685.28
optical_sim_0421.png,Real Photo,0,0,0.1145,Authentic Optical Camera,SDXL,33.09,1.228,0.0007,3.0,1675.75
optical_sim_0422.png,Real Photo,0,0,0.0999,Authentic Optical Camera,SDXL,32.04,1.039,-0.0005,3.02,1660.72
optical_sim_0423.png,Real Photo,0,0,0.1156,Authentic Optical Camera,SDXL,33.45,1.242,0.0013,3.02,1659.63
optical_sim_0424.png,Real Photo,0,0,0.1098,Authentic Optical Camera,SDXL,33.15,1.168,0.002,3.01,1661.25
optical_sim_0425.png,Real Photo,0,0,0.1169,Authentic Optical Camera,SDXL,34.72,1.26,0.0021,3.06,1657.95
optical_sim_0426.png,Real Photo,0,0,0.0997,Authentic Optical Camera,SDXL,33.34,1.036,-0.0015,3.05,1658.27
optical_sim_0427.png,Real Photo,0,0,0.1063,Authentic Optical Camera,SDXL,33.84,1.123,0.0013,3.02,1672.97
optical_sim_0428.png,Real Photo,0,0,0.1077,Authentic Optical Camera,SDXL,32.96,1.14,-0.0002,3.02,1690.71
optical_sim_0429.png,Real Photo,0,0,0.1035,Authentic Optical Camera,SDXL,31.83,1.086,-0.0004,3.03,1679.5
optical_sim_0430.png,Real Photo,0,0,0.1096,Authentic Optical Camera,SDXL,34.06,1.164,-0.0016,3.03,1663.42
optical_sim_0431.png,Real Photo,0,0,0.118,Authentic Optical Camera,SDXL,30.95,1.275,-0.0036,3.02,1679.99
optical_sim_0432.png,Real Photo,0,0,0.0917,Authentic Optical Camera,SDXL,33.46,0.932,-0.002,3.01,1658.38
optical_sim_0433.png,Real Photo,0,0,0.1105,Authentic Optical Camera,SDXL,34.16,1.177,0.0012,3.03,1658.75
optical_sim_0434.png,Real Photo,0,0,0.1008,Authentic Optical Camera,SDXL,34.53,1.05,0.0007,3.02,1669.78
optical_sim_0435.png,Real Photo,0,0,0.1204,Authentic Optical Camera,SDXL,34.13,1.305,0.0008,3.04,1668.2
optical_sim_0436.png,Real Photo,0,0,0.1018,Authentic Optical Camera,SDXL,34.42,1.064,0.0019,3.02,1666.87
optical_sim_0437.png,Real Photo,0,0,0.1195,Authentic Optical Camera,SDXL,33.06,1.294,0.0002,3.03,1661.23
optical_sim_0438.png,Real Photo,0,0,0.1037,Authentic Optical Camera,SDXL,33.09,1.088,-0.0025,3.03,1665.19
optical_sim_0439.png,Real Photo,0,0,0.1185,Authentic Optical Camera,SDXL,33.66,1.281,0.0001,3.01,1668.52
optical_sim_0440.png,Real Photo,0,0,0.1052,Authentic Optical Camera,SDXL,34.45,1.108,-0.0013,3.02,1675.26
optical_sim_0441.png,Real Photo,0,0,0.111,Authentic Optical Camera,SDXL,33.82,1.183,-0.0006,3.03,1666.1
optical_sim_0442.png,Real Photo,0,0,0.0986,Authentic Optical Camera,SDXL,33.11,1.022,0.0001,3.01,1666.99
optical_sim_0443.png,Real Photo,0,0,0.1163,Authentic Optical Camera,SDXL,34.6,1.252,0.0022,3.05,1696.09
optical_sim_0444.png,Real Photo,0,0,0.1095,Authentic Optical Camera,SDXL,34.58,1.163,-0.0005,3.05,1677.79
optical_sim_0445.png,Real Photo,0,0,0.1016,Authentic Optical Camera,SDXL,31.9,1.061,0.0028,3.01,1667.03
optical_sim_0446.png,Real Photo,0,0,0.1038,Authentic Optical Camera,SDXL,34.33,1.089,0.0009,3.04,1661.69
optical_sim_0447.png,Real Photo,0,0,0.1039,Authentic Optical Camera,SDXL,32.96,1.09,-0.0003,3.02,1672.68
optical_sim_0448.png,Real Photo,0,0,0.1171,Authentic Optical Camera,SDXL,33.35,1.262,0.0001,3.01,1659.93
optical_sim_0449.png,Real Photo,0,0,0.1152,Authentic Optical Camera,SDXL,33.47,1.238,0.002,3.03,1660.06
optical_sim_0450.png,Real Photo,0,0,0.1014,Authentic Optical Camera,SDXL,33.94,1.058,0.001,3.03,1676.35
optical_sim_0451.png,Real Photo,0,0,0.1095,Authentic Optical Camera,SDXL,34.65,1.163,-0.0002,3.03,1695.94
optical_sim_0452.png,Real Photo,0,0,0.1075,Authentic Optical Camera,SDXL,33.52,1.137,0.0011,3.02,1675.27
optical_sim_0453.png,Real Photo,0,0,0.106,Authentic Optical Camera,SDXL,31.77,1.118,-0.0004,3.0,1674.72
optical_sim_0454.png,Real Photo,0,0,0.1097,Authentic Optical Camera,SDXL,32.86,1.166,0.0014,3.01,1662.77
optical_sim_0455.png,Real Photo,0,0,0.1149,Authentic Optical Camera,SDXL,33.57,1.234,0.0025,3.02,1649.45
optical_sim_0456.png,Real Photo,0,0,0.1043,Authentic Optical Camera,SDXL,32.13,1.096,0.0026,3.01,1657.33
optical_sim_0457.png,Real Photo,0,0,0.1027,Authentic Optical Camera,SDXL,33.64,1.075,0.0001,3.01,1686.71
optical_sim_0458.png,Real Photo,0,0,0.1186,Authentic Optical Camera,SDXL,32.17,1.282,-0.0015,3.01,1701.5
optical_sim_0459.png,Real Photo,0,0,0.1126,Authentic Optical Camera,SDXL,34.5,1.204,-0.0003,3.05,1669.33
optical_sim_0460.png,Real Photo,0,0,0.1066,Authentic Optical Camera,SDXL,33.74,1.126,0.0001,3.02,1661.33
optical_sim_0461.png,Real Photo,0,0,0.1054,Authentic Optical Camera,SDXL,33.72,1.111,0.0008,3.04,1670.42
optical_sim_0462.png,Real Photo,0,0,0.1162,Authentic Optical Camera,SDXL,31.86,1.25,0.0026,3.01,1672.72
optical_sim_0463.png,Real Photo,0,0,0.1088,Authentic Optical Camera,SDXL,34.07,1.154,0.003,3.05,1658.1
optical_sim_0464.png,Real Photo,0,0,0.1103,Authentic Optical Camera,SDXL,33.83,1.174,-0.0028,3.04,1660.1
optical_sim_0465.png,Real Photo,0,0,0.1053,Authentic Optical Camera,SDXL,33.02,1.109,-0.0022,3.04,1674.43
optical_sim_0466.png,Real Photo,0,0,0.1125,Authentic Optical Camera,SDXL,34.01,1.202,-0.0006,3.02,1695.44
optical_sim_0467.png,Real Photo,0,0,0.1044,Authentic Optical Camera,SDXL,31.98,1.098,-0.0003,3.01,1669.97
optical_sim_0468.png,Real Photo,0,0,0.1151,Authentic Optical Camera,SDXL,33.71,1.236,0.0007,3.02,1687.92
optical_sim_0469.png,Real Photo,0,0,0.1179,Authentic Optical Camera,SDXL,33.63,1.273,-0.0029,3.05,1655.08
optical_sim_0470.png,Real Photo,0,0,0.1027,Authentic Optical Camera,SDXL,33.55,1.076,0.0034,3.04,1659.14
optical_sim_0471.png,Real Photo,0,0,0.1203,Authentic Optical Camera,SDXL,33.59,1.304,-0.0012,3.02,1668.44
optical_sim_0472.png,Real Photo,0,0,0.1181,Authentic Optical Camera,SDXL,33.29,1.276,0.0013,3.0,1691.53
optical_sim_0473.png,Real Photo,0,0,0.108,Authentic Optical Camera,SDXL,33.14,1.144,-0.0004,3.01,1690.6
optical_sim_0474.png,Real Photo,0,0,0.1094,Authentic Optical Camera,SDXL,32.95,1.162,0.0011,3.03,1676.87
optical_sim_0475.png,Real Photo,0,0,0.1041,Authentic Optical Camera,SDXL,34.37,1.093,-0.0022,3.02,1655.19
optical_sim_0476.png,Real Photo,0,0,0.0992,Authentic Optical Camera,SDXL,33.38,1.029,0.0022,3.02,1655.08
optical_sim_0477.png,Real Photo,0,0,0.1037,Authentic Optical Camera,SDXL,32.09,1.088,-0.0015,3.01,1660.88
optical_sim_0478.png,Real Photo,0,0,0.1028,Authentic Optical Camera,SDXL,33.42,1.077,0.0021,3.01,1660.32
optical_sim_0479.png,Real Photo,0,0,0.1187,Authentic Optical Camera,SDXL,33.31,1.283,-0.0023,3.01,1662.25
optical_sim_0480.png,Real Photo,0,0,0.1144,Authentic Optical Camera,SDXL,33.55,1.227,0.0017,3.04,1678.03
optical_sim_0481.png,Real Photo,0,0,0.1172,Authentic Optical Camera,SDXL,33.85,1.264,0.0005,3.02,1685.63
optical_sim_0482.png,Real Photo,0,0,0.1242,Authentic Optical Camera,SDXL,34.13,1.355,-0.0033,3.0,1653.67
optical_sim_0483.png,Real Photo,0,0,0.1103,Authentic Optical Camera,SDXL,34.32,1.174,-0.0006,3.05,1649.62
optical_sim_0484.png,Real Photo,0,0,0.1044,Authentic Optical Camera,SDXL,33.15,1.097,0.0025,3.01,1661.76
optical_sim_0485.png,Real Photo,0,0,0.1152,Authentic Optical Camera,SDXL,33.71,1.237,0.0018,3.02,1683.47
optical_sim_0486.png,Real Photo,0,0,0.1047,Authentic Optical Camera,SDXL,33.1,1.101,0.0001,3.02,1666.43
optical_sim_0487.png,Real Photo,0,0,0.1174,Authentic Optical Camera,SDXL,33.3,1.266,-0.0,3.0,1668.74
optical_sim_0488.png,Real Photo,0,0,0.1046,Authentic Optical Camera,SDXL,31.61,1.1,-0.0005,3.01,1715.57
optical_sim_0489.png,Real Photo,0,0,0.1154,Authentic Optical Camera,SDXL,33.72,1.24,0.0001,3.02,1689.19
optical_sim_0490.png,Real Photo,0,0,0.1072,Authentic Optical Camera,SDXL,34.21,1.134,-0.0006,3.04,1656.9
optical_sim_0491.png,Real Photo,0,0,0.0964,Authentic Optical Camera,SDXL,33.34,0.994,0.0017,3.02,1660.0
optical_sim_0492.png,Real Photo,0,0,0.0986,Authentic Optical Camera,SDXL,34.21,1.022,-0.0024,3.06,1672.63
optical_sim_0493.png,Real Photo,0,0,0.118,Authentic Optical Camera,SDXL,34.55,1.274,0.0015,3.0,1651.56
optical_sim_0494.png,Real Photo,0,0,0.1025,Authentic Optical Camera,SDXL,32.01,1.072,0.0009,3.01,1661.22
optical_sim_0495.png,Real Photo,0,0,0.109,Authentic Optical Camera,SDXL,33.01,1.157,-0.0006,3.01,1679.61
optical_sim_0496.png,Real Photo,0,0,0.1045,Authentic Optical Camera,SDXL,33.5,1.099,-0.0014,3.03,1682.03
optical_sim_0497.png,Real Photo,0,0,0.1079,Authentic Optical Camera,SDXL,32.55,1.143,0.0005,3.02,1660.17
optical_sim_0498.png,Real Photo,0,0,0.1012,Authentic Optical Camera,SDXL,32.46,1.055,0.0024,3.05,1655.55
optical_sim_0499.png,Real Photo,0,0,0.1146,Authentic Optical Camera,SDXL,33.05,1.23,-0.0012,3.01,1663.72
optical_sim_0500.png,Real Photo,0,0,0.1082,Authentic Optical Camera,SDXL,33.23,1.147,0.0009,3.03,1656.21
sd15_0001.png,SD 1.5 Synthetic,1,1,0.99,Stable Diffusion (SDXL),SDXL,37.57,3.443,0.9689,4.35,1676.51
sd15_0002.png,SD 1.5 Synthetic,1,1,0.9641,Stable Diffusion (SDXL),SDXL,37.72,3.031,0.9717,4.19,1668.39
sd15_0003.png,SD 1.5 Synthetic,1,1,0.99,Stable Diffusion (SDXL),SDXL,37.83,3.556,0.9701,4.17,1679.75
sd15_0004.png,SD 1.5 Synthetic,1,1,0.99,Stable Diffusion (SDXL),SDXL,37.64,3.632,0.9687,4.19,1679.56
sd15_0005.png,SD 1.5 Synthetic,1,1,0.99,Stable Diffusion (SDXL),SDXL,37.69,3.418,0.9699,4.23,1652.42
sd15_0006.png,SD 1.5 Synthetic,1,1,0.9771,Stable Diffusion (SDXL),SDXL,37.69,3.216,0.9691,4.2,1659.58
sd15_0007.png,SD 1.5 Synthetic,1,1,0.99,Stable Diffusion (SDXL),SDXL,37.6,3.977,0.9704,4.25,1682.7
sd15_0008.png,SD 1.5 Synthetic,1,1,0.9751,Stable Diffusion (SDXL),SDXL,37.67,3.187,0.9687,4.26,1670.32
sd15_0009.png,SD 1.5 Synthetic,1,1,0.9813,Stable Diffusion (SDXL),SDXL,37.73,3.276,0.97,4.25,1659.48
sd15_0010.png,SD 1.5 Synthetic,1,1,0.973,Stable Diffusion (SDXL),SDXL,37.67,3.158,0.9696,4.24,1686.9
sd15_0011.png,SD 1.5 Synthetic,1,1,0.9874,Stable Diffusion (SDXL),SDXL,37.8,3.362,0.9706,4.09,1688.11
sd15_0012.png,SD 1.5 Synthetic,1,1,0.99,Stable Diffusion (SDXL),SDXL,37.85,3.716,0.9701,4.11,1658.53
sd15_0013.png,SD 1.5 Synthetic,1,1,0.99,Stable Diffusion (SDXL),SDXL,37.64,3.419,0.9698,4.1,1654.39
sd15_0014.png,SD 1.5 Synthetic,1,1,0.99,Stable Diffusion (SDXL),SDXL,37.65,3.741,0.969,4.26,1658.52
sd15_0015.png,SD 1.5 Synthetic,1,1,0.99,Stable Diffusion (SDXL),SDXL,37.71,3.585,0.9709,4.13,1655.5
sd15_0016.png,SD 1.5 Synthetic,1,1,0.99,Stable Diffusion (SDXL),SDXL,37.68,3.496,0.9695,4.21,1656.88
sd15_0017.png,SD 1.5 Synthetic,1,1,0.99,Stable Diffusion (SDXL),SDXL,37.68,3.748,0.9706,4.14,1672.35
sd15_0018.png,SD 1.5 Synthetic,1,1,0.99,Stable Diffusion (SDXL),SDXL,37.72,4.257,0.9701,4.18,1681.17
sd15_0019.png,SD 1.5 Synthetic,1,1,0.99,Stable Diffusion (SDXL),SDXL,37.74,3.583,0.9702,4.12,1679.06
sd15_0020.png,SD 1.5 Synthetic,1,1,0.99,Stable Diffusion (SDXL),SDXL,37.65,4.002,0.9695,4.15,1659.94
sd15_0021.png,SD 1.5 Synthetic,1,1,0.99,Stable Diffusion (SDXL),SDXL,37.71,3.84,0.9702,4.13,1670.23
sd15_0022.png,SD 1.5 Synthetic,1,1,0.99,Stable Diffusion (SDXL),SDXL,37.6,3.776,0.9689,4.23,1675.67
sd15_0023.png,SD 1.5 Synthetic,1,1,0.99,Stable Diffusion (SDXL),SDXL,37.66,3.661,0.9694,4.14,1656.94
sd15_0024.png,SD 1.5 Synthetic,1,1,0.9824,Stable Diffusion (SDXL),SDXL,37.73,3.292,0.9703,4.19,1675.74
sd15_0025.png,SD 1.5 Synthetic,1,1,0.9672,Stable Diffusion (SDXL),SDXL,37.57,3.074,0.9693,4.27,1681.61
sd15_0026.png,SD 1.5 Synthetic,1,1,0.99,Stable Diffusion (SDXL),SDXL,37.74,3.465,0.9701,4.24,1696.29
sd15_0027.png,SD 1.5 Synthetic,1,1,0.9802,Stable Diffusion (SDXL),SDXL,37.74,3.26,0.9701,4.14,1684.62
sd15_0028.png,SD 1.5 Synthetic,1,1,0.9707,Stable Diffusion (SDXL),SDXL,37.76,3.125,0.97,4.22,1656.67
sd15_0029.png,SD 1.5 Synthetic,1,1,0.99,Stable Diffusion (SDXL),SDXL,37.66,3.738,0.97,4.3,1660.37
sd15_0030.png,SD 1.5 Synthetic,1,1,0.99,Stable Diffusion (SDXL),SDXL,37.75,3.645,0.969,4.28,1680.46
sd15_0031.png,SD 1.5 Synthetic,1,1,0.9737,Stable Diffusion (SDXL),SDXL,37.65,3.167,0.9693,4.22,1658.85
sd15_0032.png,SD 1.5 Synthetic,1,1,0.99,Stable Diffusion (SDXL),SDXL,37.83,3.446,0.9699,4.13,1655.49
sd15_0033.png,SD 1.5 Synthetic,1,1,0.99,Stable Diffusion (SDXL),SDXL,37.6,3.446,0.9698,4.26,1682.52
sd15_0034.png,SD 1.5 Synthetic,1,1,0.99,Stable Diffusion (SDXL),SDXL,37.67,3.817,0.9699,4.13,1681.07
sd15_0035.png,SD 1.5 Synthetic,1,1,0.99,Stable Diffusion (SDXL),SDXL,37.64,3.543,0.9702,4.21,1668.16
sd15_0036.png,SD 1.5 Synthetic,1,1,0.99,Stable Diffusion (SDXL),SDXL,37.74,3.814,0.9694,4.18,1657.0
sd15_0037.png,SD 1.5 Synthetic,1,1,0.983,Stable Diffusion (SDXL),SDXL,37.67,3.3,0.9703,4.29,1671.84
sd15_0038.png,SD 1.5 Synthetic,1,1,0.99,Stable Diffusion (SDXL),SDXL,37.64,3.482,0.9709,4.24,1675.15
sd15_0039.png,SD 1.5 Synthetic,1,1,0.9808,Stable Diffusion (SDXL),SDXL,37.6,3.269,0.9696,4.3,1690.07
sd15_0040.png,SD 1.5 Synthetic,1,1,0.99,Stable Diffusion (SDXL),SDXL,37.68,3.789,0.9698,4.18,1676.3
sd15_0041.png,SD 1.5 Synthetic,1,1,0.9713,Stable Diffusion (SDXL),SDXL,37.89,3.133,0.9696,4.12,1693.7
sd15_0042.png,SD 1.5 Synthetic,1,1,0.988,Stable Diffusion (SDXL),SDXL,37.65,3.371,0.9693,4.14,1685.54
sd15_0043.png,SD 1.5 Synthetic,1,1,0.9831,Stable Diffusion (SDXL),SDXL,37.78,3.301,0.9695,4.18,1666.72
sd15_0044.png,SD 1.5 Synthetic,1,1,0.99,Stable Diffusion (SDXL),SDXL,37.84,3.625,0.9684,4.16,1663.73
sd15_0045.png,SD 1.5 Synthetic,1,1,0.9801,Stable Diffusion (SDXL),SDXL,37.75,3.258,0.9698,4.17,1683.34
sd15_0046.png,SD 1.5 Synthetic,1,1,0.99,Stable Diffusion (SDXL),SDXL,37.63,3.756,0.9702,4.31,1664.15
sd15_0047.png,SD 1.5 Synthetic,1,1,0.99,Stable Diffusion (SDXL),SDXL,37.81,3.556,0.9704,4.16,1680.49
sd15_0048.png,SD 1.5 Synthetic,1,1,0.9872,Stable Diffusion (SDXL),SDXL,37.87,3.36,0.9692,4.15,1688.32
sd15_0049.png,SD 1.5 Synthetic,1,1,0.9787,Stable Diffusion (SDXL),SDXL,37.81,3.239,0.9707,4.17,1674.42
sd15_0050.png,SD 1.5 Synthetic,1,1,0.99,Stable Diffusion (SDXL),SDXL,37.8,3.472,0.9715,4.16,1675.64
sd15_0051.png,SD 1.5 Synthetic,1,1,0.99,Stable Diffusion (SDXL),SDXL,37.9,3.539,0.9709,4.13,1657.09
sd15_0052.png,SD 1.5 Synthetic,1,1,0.99,Stable Diffusion (SDXL),SDXL,37.73,3.628,0.9702,4.25,1675.17
sd15_0053.png,SD 1.5 Synthetic,1,1,0.9879,Stable Diffusion (SDXL),SDXL,37.66,3.369,0.9678,4.16,1660.33
sd15_0054.png,SD 1.5 Synthetic,1,1,0.99,Stable Diffusion (SDXL),SDXL,37.52,3.538,0.9708,4.25,1670.02
sd15_0055.png,SD 1.5 Synthetic,1,1,0.99,Stable Diffusion (SDXL),SDXL,37.69,3.816,0.9699,4.29,1671.63
sd15_0056.png,SD 1.5 Synthetic,1,1,0.99,Stable Diffusion (SDXL),SDXL,37.56,3.439,0.97,4.12,1683.53
sd15_0057.png,SD 1.5 Synthetic,1,1,0.99,Stable Diffusion (SDXL),SDXL,37.7,3.896,0.97,4.12,1661.47
sd15_0058.png,SD 1.5 Synthetic,1,1,0.9728,Stable Diffusion (SDXL),SDXL,37.75,3.154,0.9701,4.15,1658.74
sd15_0059.png,SD 1.5 Synthetic,1,1,0.9774,Stable Diffusion (SDXL),SDXL,37.77,3.22,0.9692,4.15,1668.14
sd15_0060.png,SD 1.5 Synthetic,1,1,0.99,Stable Diffusion (SDXL),SDXL,37.66,4.081,0.9697,4.25,1662.2
sd15_0061.png,SD 1.5 Synthetic,1,1,0.99,Stable Diffusion (SDXL),SDXL,37.66,3.591,0.97,4.13,1669.8
sd15_0062.png,SD 1.5 Synthetic,1,1,0.9843,Stable Diffusion (SDXL),SDXL,37.68,3.319,0.9702,4.14,1667.72
sd15_0063.png,SD 1.5 Synthetic,1,1,0.9746,Stable Diffusion (SDXL),SDXL,37.71,3.18,0.9706,4.18,1684.81
sd15_0064.png,SD 1.5 Synthetic,1,1,0.99,Stable Diffusion (SDXL),SDXL,37.67,3.405,0.9711,4.19,1680.22
sd15_0065.png,SD 1.5 Synthetic,1,1,0.9733,Stable Diffusion (SDXL),SDXL,37.79,3.161,0.9709,4.12,1658.95
sd15_0066.png,SD 1.5 Synthetic,1,1,0.9754,Stable Diffusion (SDXL),SDXL,37.88,3.191,0.9693,4.12,1661.55
sd15_0067.png,SD 1.5 Synthetic,1,1,0.9791,Stable Diffusion (SDXL),SDXL,37.56,3.244,0.9697,4.21,1661.33
sd15_0068.png,SD 1.5 Synthetic,1,1,0.99,Stable Diffusion (SDXL),SDXL,37.93,3.413,0.9708,4.18,1665.04
sd15_0069.png,SD 1.5 Synthetic,1,1,0.99,Stable Diffusion (SDXL),SDXL,37.94,3.46,0.9707,4.04,1653.58
sd15_0070.png,SD 1.5 Synthetic,1,1,0.9803,Stable Diffusion (SDXL),SDXL,37.75,3.261,0.9699,4.16,1662.3
sd15_0071.png,SD 1.5 Synthetic,1,1,0.9783,Stable Diffusion (SDXL),SDXL,37.8,3.233,0.9696,4.2,1670.04
sd15_0072.png,SD 1.5 Synthetic,1,1,0.99,Stable Diffusion (SDXL),SDXL,37.78,4.346,0.9701,4.1,1656.45
sd15_0073.png,SD 1.5 Synthetic,1,1,0.99,Stable Diffusion (SDXL),SDXL,37.7,3.668,0.9694,4.12,1656.97
sd15_0074.png,SD 1.5 Synthetic,1,1,0.99,Stable Diffusion (SDXL),SDXL,37.65,3.576,0.971,4.17,1667.76
sd15_0075.png,SD 1.5 Synthetic,1,1,0.99,Stable Diffusion (SDXL),SDXL,37.65,3.492,0.9694,4.25,1650.97
sd15_0076.png,SD 1.5 Synthetic,1,1,0.99,Stable Diffusion (SDXL),SDXL,37.65,3.671,0.9695,4.25,1658.58
sd15_0077.png,SD 1.5 Synthetic,1,1,0.99,Stable Diffusion (SDXL),SDXL,37.6,3.659,0.9697,4.26,1670.45
sd15_0078.png,SD 1.5 Synthetic,1,1,0.99,Stable Diffusion (SDXL),SDXL,37.62,3.552,0.969,4.2,1686.18
sd15_0079.png,SD 1.5 Synthetic,1,1,0.9874,Stable Diffusion (SDXL),SDXL,37.6,3.363,0.9704,4.22,1680.2
sd15_0080.png,SD 1.5 Synthetic,1,1,0.99,Stable Diffusion (SDXL),SDXL,37.71,3.568,0.9701,4.29,1659.47
sd15_0081.png,SD 1.5 Synthetic,1,1,0.99,Stable Diffusion (SDXL),SDXL,37.76,3.649,0.9698,4.14,1648.45
sd15_0082.png,SD 1.5 Synthetic,1,1,0.99,Stable Diffusion (SDXL),SDXL,37.77,3.474,0.9699,4.1,1649.04
sd15_0083.png,SD 1.5 Synthetic,1,1,0.99,Stable Diffusion (SDXL),SDXL,37.8,4.228,0.9691,4.19,1655.36
sd15_0084.png,SD 1.5 Synthetic,1,1,0.99,Stable Diffusion (SDXL),SDXL,37.74,3.45,0.97,4.16,1659.65
sd15_0085.png,SD 1.5 Synthetic,1,1,0.99,Stable Diffusion (SDXL),SDXL,37.78,3.938,0.9692,4.14,1673.81
sd15_0086.png,SD 1.5 Synthetic,1,1,0.99,Stable Diffusion (SDXL),SDXL,37.67,3.757,0.9682,4.15,1689.73
sd15_0087.png,SD 1.5 Synthetic,1,1,0.99,Stable Diffusion (SDXL),SDXL,37.71,3.452,0.9692,4.17,1659.69
sd15_0088.png,SD 1.5 Synthetic,1,1,0.99,Stable Diffusion (SDXL),SDXL,37.79,3.661,0.9697,4.2,1676.78
sd15_0089.png,SD 1.5 Synthetic,1,1,0.9669,Stable Diffusion (SDXL),SDXL,37.64,3.07,0.9684,4.16,1667.59
sd15_0090.png,SD 1.5 Synthetic,1,1,0.99,Stable Diffusion (SDXL),SDXL,37.85,3.594,0.9693,4.17,1673.86
sd15_0091.png,SD 1.5 Synthetic,1,1,0.99,Stable Diffusion (SDXL),SDXL,37.62,3.499,0.9691,4.29,1654.22
sd15_0092.png,SD 1.5 Synthetic,1,1,0.982,Stable Diffusion (SDXL),SDXL,37.79,3.286,0.9699,4.09,1662.77
sd15_0093.png,SD 1.5 Synthetic,1,1,0.99,Stable Diffusion (SDXL),SDXL,37.65,3.853,0.9688,4.21,1693.07
sd15_0094.png,SD 1.5 Synthetic,1,1,0.9787,Stable Diffusion (SDXL),SDXL,37.7,3.238,0.9698,4.17,1678.15
sd15_0095.png,SD 1.5 Synthetic,1,1,0.99,Stable Diffusion (SDXL),SDXL,37.72,3.617,0.9702,4.25,1659.98
sd15_0096.png,SD 1.5 Synthetic,1,1,0.9758,Stable Diffusion (SDXL),SDXL,37.83,3.198,0.9679,4.26,1671.84
sd15_0097.png,SD 1.5 Synthetic,1,1,0.99,Stable Diffusion (SDXL),SDXL,37.64,3.73,0.969,4.3,1656.53
sd15_0098.png,SD 1.5 Synthetic,1,1,0.99,Stable Diffusion (SDXL),SDXL,37.63,3.626,0.9698,4.19,1669.81
sd15_0099.png,SD 1.5 Synthetic,1,1,0.99,Stable Diffusion (SDXL),SDXL,37.57,3.407,0.9704,4.27,1666.03
sd15_0100.png,SD 1.5 Synthetic,1,1,0.99,Stable Diffusion (SDXL),SDXL,37.68,3.512,0.9713,4.26,1662.52
sd15_0101.png,SD 1.5 Synthetic,1,1,0.99,Stable Diffusion (SDXL),SDXL,37.7,3.542,0.9696,4.19,1684.73
sd15_0102.png,SD 1.5 Synthetic,1,1,0.99,Stable Diffusion (SDXL),SDXL,37.77,3.9,0.9696,4.12,1674.44
sd15_0103.png,SD 1.5 Synthetic,1,1,0.985,Stable Diffusion (SDXL),SDXL,37.81,3.328,0.971,4.09,1662.25
sd15_0104.png,SD 1.5 Synthetic,1,1,0.9813,Stable Diffusion (SDXL),SDXL,37.52,3.276,0.9681,4.3,1652.73
sd15_0105.png,SD 1.5 Synthetic,1,1,0.99,Stable Diffusion (SDXL),SDXL,37.73,3.83,0.9694,4.17,1658.41
sd15_0106.png,SD 1.5 Synthetic,1,1,0.99,Stable Diffusion (SDXL),SDXL,37.68,4.157,0.9693,4.16,1661.12
sd15_0107.png,SD 1.5 Synthetic,1,1,0.99,Stable Diffusion (SDXL),SDXL,37.7,3.41,0.9694,4.21,1687.89
sd15_0108.png,SD 1.5 Synthetic,1,1,0.9897,Stable Diffusion (SDXL),SDXL,37.75,3.396,0.9693,4.19,1689.02
sd15_0109.png,SD 1.5 Synthetic,1,1,0.99,Stable Diffusion (SDXL),SDXL,37.75,3.627,0.9701,4.11,1667.08
sd15_0110.png,SD 1.5 Synthetic,1,1,0.9852,Stable Diffusion (SDXL),SDXL,37.75,3.331,0.9691,4.29,1673.76
sd15_0111.png,SD 1.5 Synthetic,1,1,0.99,Stable Diffusion (SDXL),SDXL,37.67,3.688,0.9698,4.13,1689.43
sd15_0112.png,SD 1.5 Synthetic,1,1,0.99,Stable Diffusion (SDXL),SDXL,37.61,3.934,0.9689,4.29,1669.61
sd15_0113.png,SD 1.5 Synthetic,1,1,0.9668,Stable Diffusion (SDXL),SDXL,37.59,3.068,0.9687,4.26,1659.77
sd15_0114.png,SD 1.5 Synthetic,1,1,0.99,Stable Diffusion (SDXL),SDXL,37.75,3.582,0.9682,4.17,1653.98
sd15_0115.png,SD 1.5 Synthetic,1,1,0.9807,Stable Diffusion (SDXL),SDXL,37.68,3.268,0.9697,4.17,1679.97
sd15_0116.png,SD 1.5 Synthetic,1,1,0.99,Stable Diffusion (SDXL),SDXL,37.74,3.547,0.9686,4.22,1673.33
sd15_0117.png,SD 1.5 Synthetic,1,1,0.99,Stable Diffusion (SDXL),SDXL,37.68,3.599,0.97,4.17,1674.16
sd15_0118.png,SD 1.5 Synthetic,1,1,0.9733,Stable Diffusion (SDXL),SDXL,37.61,3.162,0.9697,4.2,1657.95
sd15_0119.png,SD 1.5 Synthetic,1,1,0.99,Stable Diffusion (SDXL),SDXL,37.71,3.589,0.9684,4.34,1669.89
sd15_0120.png,SD 1.5 Synthetic,1,1,0.99,Stable Diffusion (SDXL),SDXL,37.71,3.702,0.9703,4.26,1679.15
sd15_0121.png,SD 1.5 Synthetic,1,1,0.99,Stable Diffusion (SDXL),SDXL,37.71,3.511,0.9688,4.19,1661.78
sd15_0122.png,SD 1.5 Synthetic,1,1,0.99,Stable Diffusion (SDXL),SDXL,37.68,3.518,0.9698,4.22,1658.83
sd15_0123.png,SD 1.5 Synthetic,1,1,0.99,Stable Diffusion (SDXL),SDXL,37.71,3.438,0.9694,4.17,1684.9
sd15_0124.png,SD 1.5 Synthetic,1,1,0.99,Stable Diffusion (SDXL),SDXL,37.68,3.638,0.9704,4.17,1665.27
sd15_0125.png,SD 1.5 Synthetic,1,1,0.9812,Stable Diffusion (SDXL),SDXL,37.76,3.275,0.9694,4.15,1652.07
sd15_0126.png,SD 1.5 Synthetic,1,1,0.9876,Stable Diffusion (SDXL),SDXL,37.69,3.366,0.9688,4.12,1650.91
sd15_0127.png,SD 1.5 Synthetic,1,1,0.9863,Stable Diffusion (SDXL),SDXL,37.73,3.347,0.9703,4.2,1657.3
sd15_0128.png,SD 1.5 Synthetic,1,1,0.99,Stable Diffusion (SDXL),SDXL,37.67,3.539,0.9688,4.25,1666.72
sd15_0129.png,SD 1.5 Synthetic,1,1,0.99,Stable Diffusion (SDXL),SDXL,37.69,3.548,0.9702,4.23,1663.56
sd15_0130.png,SD 1.5 Synthetic,1,1,0.99,Stable Diffusion (SDXL),SDXL,37.58,3.526,0.9704,4.15,1695.21
sd15_0131.png,SD 1.5 Synthetic,1,1,0.99,Stable Diffusion (SDXL),SDXL,37.82,3.402,0.9705,4.22,1680.65
sd15_0132.png,SD 1.5 Synthetic,1,1,0.99,Stable Diffusion (SDXL),SDXL,37.74,3.833,0.9702,4.16,1656.7
sd15_0133.png,SD 1.5 Synthetic,1,1,0.99,Stable Diffusion (SDXL),SDXL,37.72,3.829,0.9702,4.25,1653.48
sd15_0134.png,SD 1.5 Synthetic,1,1,0.99,Stable Diffusion (SDXL),SDXL,37.81,3.41,0.9703,4.16,1676.77
sd15_0135.png,SD 1.5 Synthetic,1,1,0.99,Stable Diffusion (SDXL),SDXL,37.72,3.516,0.9689,4.27,1652.15
sd15_0136.png,SD 1.5 Synthetic,1,1,0.9799,Stable Diffusion (SDXL),SDXL,37.64,3.255,0.9691,4.12,1672.77
sd15_0137.png,SD 1.5 Synthetic,1,1,0.99,Stable Diffusion (SDXL),SDXL,37.66,3.423,0.9708,4.15,1685.62
sd15_0138.png,SD 1.5 Synthetic,1,1,0.99,Stable Diffusion (SDXL),SDXL,37.63,3.857,0.9703,4.18,1675.96
sd15_0139.png,SD 1.5 Synthetic,1,1,0.99,Stable Diffusion (SDXL),SDXL,37.68,3.595,0.9693,4.23,1658.31
sd15_0140.png,SD 1.5 Synthetic,1,1,0.99,Stable Diffusion (SDXL),SDXL,37.54,3.444,0.9697,4.15,1670.35
sd15_0141.png,SD 1.5 Synthetic,1,1,0.9772,Stable Diffusion (SDXL),SDXL,37.73,3.218,0.97,4.22,1660.39
sd15_0142.png,SD 1.5 Synthetic,1,1,0.99,Stable Diffusion (SDXL),SDXL,37.68,3.979,0.9705,4.14,1665.95
sd15_0143.png,SD 1.5 Synthetic,1,1,0.99,Stable Diffusion (SDXL),SDXL,37.69,3.624,0.9696,4.17,1681.76
sd15_0144.png,SD 1.5 Synthetic,1,1,0.99,Stable Diffusion (SDXL),SDXL,37.64,3.52,0.9694,4.24,1665.39
sd15_0145.png,SD 1.5 Synthetic,1,1,0.99,Stable Diffusion (SDXL),SDXL,37.82,3.652,0.9694,4.14,1669.49
sd15_0146.png,SD 1.5 Synthetic,1,1,0.99,Stable Diffusion (SDXL),SDXL,37.73,3.556,0.9693,4.18,1658.86
sd15_0147.png,SD 1.5 Synthetic,1,1,0.9872,Stable Diffusion (SDXL),SDXL,37.67,3.36,0.9696,4.27,1672.93
sd15_0148.png,SD 1.5 Synthetic,1,1,0.99,Stable Diffusion (SDXL),SDXL,37.65,3.452,0.9688,4.24,1653.38
sd15_0149.png,SD 1.5 Synthetic,1,1,0.989,Stable Diffusion (SDXL),SDXL,37.78,3.385,0.9707,4.08,1662.95
sd15_0150.png,SD 1.5 Synthetic,1,1,0.9864,Stable Diffusion (SDXL),SDXL,37.67,3.348,0.9697,4.28,1653.27
sd15_0151.png,SD 1.5 Synthetic,1,1,0.99,Stable Diffusion (SDXL),SDXL,37.79,3.425,0.9708,4.14,1666.59
sd15_0152.png,SD 1.5 Synthetic,1,1,0.99,Stable Diffusion (SDXL),SDXL,37.61,3.933,0.968,4.32,1695.35
sd15_0153.png,SD 1.5 Synthetic,1,1,0.99,Stable Diffusion (SDXL),SDXL,37.54,3.4,0.9703,4.19,1687.84
sd15_0154.png,SD 1.5 Synthetic,1,1,0.9858,Stable Diffusion (SDXL),SDXL,37.72,3.34,0.9694,4.19,1664.41
sd15_0155.png,SD 1.5 Synthetic,1,1,0.99,Stable Diffusion (SDXL),SDXL,37.81,3.551,0.9694,4.21,1676.61
sd15_0156.png,SD 1.5 Synthetic,1,1,0.99,Stable Diffusion (SDXL),SDXL,37.77,3.609,0.9696,4.22,1666.54
sd15_0157.png,SD 1.5 Synthetic,1,1,0.9799,Stable Diffusion (SDXL),SDXL,37.79,3.256,0.97,4.13,1679.82
sd15_0158.png,SD 1.5 Synthetic,1,1,0.99,Stable Diffusion (SDXL),SDXL,37.73,3.892,0.9701,4.12,1657.01
sd15_0159.png,SD 1.5 Synthetic,1,1,0.981,Stable Diffusion (SDXL),SDXL,37.51,3.272,0.9681,4.19,1659.42
sd15_0160.png,SD 1.5 Synthetic,1,1,0.99,Stable Diffusion (SDXL),SDXL,37.62,3.931,0.9692,4.2,1689.61
sd15_0161.png,SD 1.5 Synthetic,1,1,0.9828,Stable Diffusion (SDXL),SDXL,37.67,3.297,0.9701,4.18,1657.98
sd15_0162.png,SD 1.5 Synthetic,1,1,0.9896,Stable Diffusion (SDXL),SDXL,37.75,3.394,0.9701,4.14,1670.16
sd15_0163.png,SD 1.5 Synthetic,1,1,0.99,Stable Diffusion (SDXL),SDXL,37.56,4.056,0.9693,4.25,1658.03
sd15_0164.png,SD 1.5 Synthetic,1,1,0.99,Stable Diffusion (SDXL),SDXL,37.67,3.514,0.9705,4.21,1672.78
sd15_0165.png,SD 1.5 Synthetic,1,1,0.99,Stable Diffusion (SDXL),SDXL,37.8,3.446,0.9708,4.04,1658.37
sd15_0166.png,SD 1.5 Synthetic,1,1,0.99,Stable Diffusion (SDXL),SDXL,37.56,3.702,0.9688,4.31,1681.64
sd15_0167.png,SD 1.5 Synthetic,1,1,0.99,Stable Diffusion (SDXL),SDXL,37.84,3.978,0.9711,4.17,1684.52
sd15_0168.png,SD 1.5 Synthetic,1,1,0.99,Stable Diffusion (SDXL),SDXL,37.79,3.661,0.9699,4.16,1651.15
sd15_0169.png,SD 1.5 Synthetic,1,1,0.99,Stable Diffusion (SDXL),SDXL,37.74,3.745,0.9701,4.27,1673.18
sd15_0170.png,SD 1.5 Synthetic,1,1,0.9673,Stable Diffusion (SDXL),SDXL,37.71,3.076,0.9703,4.04,1676.19
sd15_0171.png,SD 1.5 Synthetic,1,1,0.99,Stable Diffusion (SDXL),SDXL,37.73,3.456,0.9702,4.13,1674.18
sd15_0172.png,SD 1.5 Synthetic,1,1,0.99,Stable Diffusion (SDXL),SDXL,37.74,3.614,0.9693,4.14,1674.24
sd15_0173.png,SD 1.5 Synthetic,1,1,0.99,Stable Diffusion (SDXL),SDXL,37.82,4.197,0.9706,4.17,1666.92
sd15_0174.png,SD 1.5 Synthetic,1,1,0.99,Stable Diffusion (SDXL),SDXL,37.78,3.454,0.9689,4.13,1707.47
sd15_0175.png,SD 1.5 Synthetic,1,1,0.99,Stable Diffusion (SDXL),SDXL,37.75,3.763,0.97,4.16,1668.92
sd15_0176.png,SD 1.5 Synthetic,1,1,0.99,Stable Diffusion (SDXL),SDXL,37.68,3.47,0.9707,4.1,1656.53
sd15_0177.png,SD 1.5 Synthetic,1,1,0.99,Stable Diffusion (SDXL),SDXL,37.76,3.647,0.9681,4.13,1674.28
sd15_0178.png,SD 1.5 Synthetic,1,1,0.99,Stable Diffusion (SDXL),SDXL,37.69,3.572,0.9694,4.23,1669.52
sd15_0179.png,SD 1.5 Synthetic,1,1,0.9756,Stable Diffusion (SDXL),SDXL,37.66,3.194,0.9707,4.29,1662.9
sd15_0180.png,SD 1.5 Synthetic,1,1,0.9727,Stable Diffusion (SDXL),SDXL,37.7,3.153,0.9688,4.1,1672.33
sd15_0181.png,SD 1.5 Synthetic,1,1,0.99,Stable Diffusion (SDXL),SDXL,37.82,3.77,0.9699,4.13,1670.2
sd15_0182.png,SD 1.5 Synthetic,1,1,0.9867,Stable Diffusion (SDXL),SDXL,37.78,3.353,0.9695,4.18,1680.94
sd15_0183.png,SD 1.5 Synthetic,1,1,0.9721,Stable Diffusion (SDXL),SDXL,37.8,3.144,0.9703,4.03,1665.19
sd15_0184.png,SD 1.5 Synthetic,1,1,0.99,Stable Diffusion (SDXL),SDXL,37.77,3.791,0.9705,4.21,1670.95
sd15_0185.png,SD 1.5 Synthetic,1,1,0.99,Stable Diffusion (SDXL),SDXL,37.83,3.639,0.9686,4.17,1660.09
sd15_0186.png,SD 1.5 Synthetic,1,1,0.99,Stable Diffusion (SDXL),SDXL,37.83,3.585,0.9706,4.15,1667.4
sd15_0187.png,SD 1.5 Synthetic,1,1,0.99,Stable Diffusion (SDXL),SDXL,37.68,3.82,0.9692,4.28,1672.2
sd15_0188.png,SD 1.5 Synthetic,1,1,0.99,Stable Diffusion (SDXL),SDXL,37.68,3.653,0.9698,4.19,1660.25
sd15_0189.png,SD 1.5 Synthetic,1,1,0.9843,Stable Diffusion (SDXL),SDXL,37.78,3.318,0.9702,4.16,1671.29
sd15_0190.png,SD 1.5 Synthetic,1,1,0.99,Stable Diffusion (SDXL),SDXL,37.62,3.554,0.9715,4.25,1651.59
sd15_0191.png,SD 1.5 Synthetic,1,1,0.99,Stable Diffusion (SDXL),SDXL,37.76,3.508,0.9694,4.12,1662.55
sd15_0192.png,SD 1.5 Synthetic,1,1,0.9854,Stable Diffusion (SDXL),SDXL,37.68,3.334,0.9691,4.18,1651.49
sd15_0193.png,SD 1.5 Synthetic,1,1,0.983,Stable Diffusion (SDXL),SDXL,37.84,3.301,0.971,4.17,1667.95
sd15_0194.png,SD 1.5 Synthetic,1,1,0.9734,Stable Diffusion (SDXL),SDXL,37.67,3.163,0.9693,4.25,1658.52
sd15_0195.png,SD 1.5 Synthetic,1,1,0.99,Stable Diffusion (SDXL),SDXL,37.82,4.044,0.9708,4.07,1678.51
sd15_0196.png,SD 1.5 Synthetic,1,1,0.99,Stable Diffusion (SDXL),SDXL,37.78,3.417,0.9704,4.15,1683.79
sd15_0197.png,SD 1.5 Synthetic,1,1,0.9893,Stable Diffusion (SDXL),SDXL,37.67,3.39,0.9699,4.18,1662.84
sd15_0198.png,SD 1.5 Synthetic,1,1,0.99,Stable Diffusion (SDXL),SDXL,37.77,3.649,0.9701,4.23,1669.12
sd15_0199.png,SD 1.5 Synthetic,1,1,0.9808,Stable Diffusion (SDXL),SDXL,37.65,3.269,0.9699,4.32,1664.87
sd15_0200.png,SD 1.5 Synthetic,1,1,0.99,Stable Diffusion (SDXL),SDXL,37.82,3.667,0.9699,4.08,1657.93
sd15_0201.png,SD 1.5 Synthetic,1,1,0.99,Stable Diffusion (SDXL),SDXL,37.75,3.756,0.9716,4.12,1662.87
sd15_0202.png,SD 1.5 Synthetic,1,1,0.99,Stable Diffusion (SDXL),SDXL,37.86,3.617,0.97,4.1,1681.62
sd15_0203.png,SD 1.5 Synthetic,1,1,0.99,Stable Diffusion (SDXL),SDXL,37.89,3.702,0.9692,4.13,1683.24
sd15_0204.png,SD 1.5 Synthetic,1,1,0.99,Stable Diffusion (SDXL),SDXL,37.7,3.683,0.9693,4.13,1673.02
sd15_0205.png,SD 1.5 Synthetic,1,1,0.99,Stable Diffusion (SDXL),SDXL,37.71,3.762,0.969,4.16,1660.96
sd15_0206.png,SD 1.5 Synthetic,1,1,0.99,Stable Diffusion (SDXL),SDXL,37.64,3.848,0.9703,4.21,1662.18
sd15_0207.png,SD 1.5 Synthetic,1,1,0.99,Stable Diffusion (SDXL),SDXL,37.7,3.611,0.9706,4.03,1667.38
sd15_0208.png,SD 1.5 Synthetic,1,1,0.99,Stable Diffusion (SDXL),SDXL,37.63,3.41,0.9688,4.23,1665.24
sd15_0209.png,SD 1.5 Synthetic,1,1,0.99,Stable Diffusion (SDXL),SDXL,37.72,3.687,0.9706,4.1,1658.49
sd15_0210.png,SD 1.5 Synthetic,1,1,0.99,Stable Diffusion (SDXL),SDXL,37.73,3.705,0.97,4.24,1662.28
sd15_0211.png,SD 1.5 Synthetic,1,1,0.9774,Stable Diffusion (SDXL),SDXL,37.67,3.22,0.9688,4.12,1678.23
sd15_0212.png,SD 1.5 Synthetic,1,1,0.99,Stable Diffusion (SDXL),SDXL,37.75,3.63,0.9692,4.1,1653.85
sd15_0213.png,SD 1.5 Synthetic,1,1,0.9728,Stable Diffusion (SDXL),SDXL,37.8,3.154,0.9691,4.12,1650.7
sd15_0214.png,SD 1.5 Synthetic,1,1,0.99,Stable Diffusion (SDXL),SDXL,37.54,3.647,0.9672,4.32,1663.11
sd15_0215.png,SD 1.5 Synthetic,1,1,0.99,Stable Diffusion (SDXL),SDXL,37.54,3.499,0.9685,4.33,1670.67
sd15_0216.png,SD 1.5 Synthetic,1,1,0.99,Stable Diffusion (SDXL),SDXL,37.67,3.561,0.9697,4.11,1651.3
sd15_0217.png,SD 1.5 Synthetic,1,1,0.99,Stable Diffusion (SDXL),SDXL,37.76,3.717,0.9712,4.14,1662.82
sd15_0218.png,SD 1.5 Synthetic,1,1,0.99,Stable Diffusion (SDXL),SDXL,37.79,3.587,0.97,4.14,1682.16
sd15_0219.png,SD 1.5 Synthetic,1,1,0.99,Stable Diffusion (SDXL),SDXL,37.81,3.608,0.9706,3.99,1666.94
sd15_0220.png,SD 1.5 Synthetic,1,1,0.99,Stable Diffusion (SDXL),SDXL,37.68,3.511,0.9706,4.12,1657.14
sd15_0221.png,SD 1.5 Synthetic,1,1,0.99,Stable Diffusion (SDXL),SDXL,37.69,3.832,0.9696,4.25,1657.95
sd15_0222.png,SD 1.5 Synthetic,1,1,0.99,Stable Diffusion (SDXL),SDXL,37.62,3.581,0.9698,4.23,1659.08
sd15_0223.png,SD 1.5 Synthetic,1,1,0.99,Stable Diffusion (SDXL),SDXL,37.78,3.8,0.971,4.12,1659.45
sd15_0224.png,SD 1.5 Synthetic,1,1,0.99,Stable Diffusion (SDXL),SDXL,37.68,3.657,0.9685,4.19,1662.54
sd15_0225.png,SD 1.5 Synthetic,1,1,0.99,Stable Diffusion (SDXL),SDXL,37.67,3.796,0.97,4.14,1692.77
sd15_0226.png,SD 1.5 Synthetic,1,1,0.99,Stable Diffusion (SDXL),SDXL,37.67,3.415,0.9699,4.16,1668.74
sd15_0227.png,SD 1.5 Synthetic,1,1,0.99,Stable Diffusion (SDXL),SDXL,37.71,3.55,0.971,4.21,1666.65
sd15_0228.png,SD 1.5 Synthetic,1,1,0.99,Stable Diffusion (SDXL),SDXL,37.66,3.464,0.97,4.2,1670.14
sd15_0229.png,SD 1.5 Synthetic,1,1,0.9767,Stable Diffusion (SDXL),SDXL,37.82,3.211,0.9704,4.16,1662.96
sd15_0230.png,SD 1.5 Synthetic,1,1,0.99,Stable Diffusion (SDXL),SDXL,37.87,3.563,0.9697,4.12,1665.61
sd15_0231.png,SD 1.5 Synthetic,1,1,0.9869,Stable Diffusion (SDXL),SDXL,37.71,3.356,0.9706,4.05,1669.23
sd15_0232.png,SD 1.5 Synthetic,1,1,0.99,Stable Diffusion (SDXL),SDXL,37.68,3.678,0.9698,4.19,1668.15
sd15_0233.png,SD 1.5 Synthetic,1,1,0.99,Stable Diffusion (SDXL),SDXL,37.72,3.446,0.9685,4.1,1683.84
sd15_0234.png,SD 1.5 Synthetic,1,1,0.99,Stable Diffusion (SDXL),SDXL,37.68,3.441,0.9711,4.12,1680.26
sd15_0235.png,SD 1.5 Synthetic,1,1,0.99,Stable Diffusion (SDXL),SDXL,37.72,3.613,0.9699,4.08,1659.8
sd15_0236.png,SD 1.5 Synthetic,1,1,0.99,Stable Diffusion (SDXL),SDXL,37.67,3.756,0.9698,4.18,1655.52
sd15_0237.png,SD 1.5 Synthetic,1,1,0.99,Stable Diffusion (SDXL),SDXL,37.76,3.402,0.9697,4.16,1654.25
sd15_0238.png,SD 1.5 Synthetic,1,1,0.99,Stable Diffusion (SDXL),SDXL,37.81,3.551,0.9695,4.27,1657.31
sd15_0239.png,SD 1.5 Synthetic,1,1,0.9773,Stable Diffusion (SDXL),SDXL,37.67,3.218,0.9691,4.15,1667.99
sd15_0240.png,SD 1.5 Synthetic,1,1,0.99,Stable Diffusion (SDXL),SDXL,37.55,3.802,0.9682,4.27,1670.5
sd15_0241.png,SD 1.5 Synthetic,1,1,0.99,Stable Diffusion (SDXL),SDXL,37.82,3.798,0.9709,4.15,1657.06
sd15_0242.png,SD 1.5 Synthetic,1,1,0.99,Stable Diffusion (SDXL),SDXL,37.66,3.592,0.9688,4.22,1654.48
sd15_0243.png,SD 1.5 Synthetic,1,1,0.9754,Stable Diffusion (SDXL),SDXL,37.65,3.191,0.9698,4.19,1664.21
sd15_0244.png,SD 1.5 Synthetic,1,1,0.9874,Stable Diffusion (SDXL),SDXL,37.67,3.364,0.9694,4.24,1661.94
sd15_0245.png,SD 1.5 Synthetic,1,1,0.99,Stable Diffusion (SDXL),SDXL,37.66,3.642,0.9708,4.1,1659.62
sd15_0246.png,SD 1.5 Synthetic,1,1,0.9841,Stable Diffusion (SDXL),SDXL,37.75,3.316,0.9692,4.26,1658.37
sd15_0247.png,SD 1.5 Synthetic,1,1,0.99,Stable Diffusion (SDXL),SDXL,37.7,3.878,0.9687,4.2,1699.51
sd15_0248.png,SD 1.5 Synthetic,1,1,0.99,Stable Diffusion (SDXL),SDXL,37.87,3.605,0.9709,4.07,1684.95
sd15_0249.png,SD 1.5 Synthetic,1,1,0.9656,Stable Diffusion (SDXL),SDXL,37.75,3.051,0.9694,4.14,1667.31
sd15_0250.png,SD 1.5 Synthetic,1,1,0.99,Stable Diffusion (SDXL),SDXL,37.65,3.596,0.9702,4.23,1677.27
sdxl_0001.png,SDXL Synthetic,1,1,0.99,Stable Diffusion (SD_1_5_MSE),SD_1_5_MSE,36.71,3.536,0.9923,1.57,1672.49
sdxl_0002.png,SDXL Synthetic,1,1,0.99,Stable Diffusion (SDXL),SDXL,36.31,4.171,0.9927,1.61,1661.18
sdxl_0003.png,SDXL Synthetic,1,1,0.99,Stable Diffusion (SD_1_5_MSE),SD_1_5_MSE,36.15,3.92,0.9928,1.59,1661.88
sdxl_0004.png,SDXL Synthetic,1,1,0.99,Stable Diffusion (SD_1_5_MSE),SD_1_5_MSE,36.52,3.708,0.9925,1.55,1667.81
sdxl_0005.png,SDXL Synthetic,1,1,0.99,Stable Diffusion (SD_1_5_MSE),SD_1_5_MSE,36.35,3.92,0.9929,1.55,1674.58
sdxl_0006.png,SDXL Synthetic,1,1,0.99,Stable Diffusion (SD_1_5_MSE),SD_1_5_MSE,36.45,4.462,0.9927,1.56,1654.35
sdxl_0007.png,SDXL Synthetic,1,1,0.99,Stable Diffusion (SD_1_5_MSE),SD_1_5_MSE,36.24,4.088,0.9926,1.58,1651.78
sdxl_0008.png,SDXL Synthetic,1,1,0.99,Stable Diffusion (SD_1_5_MSE),SD_1_5_MSE,36.29,4.03,0.9929,1.54,1661.49
sdxl_0009.png,SDXL Synthetic,1,1,0.99,Stable Diffusion (SD_1_5_MSE),SD_1_5_MSE,37.19,3.745,0.9926,1.53,1659.55
sdxl_0010.png,SDXL Synthetic,1,1,0.99,Stable Diffusion (SD_1_5_MSE),SD_1_5_MSE,36.81,3.59,0.9925,1.56,1661.91
sdxl_0011.png,SDXL Synthetic,1,1,0.9849,Stable Diffusion (SD_1_5_MSE),SD_1_5_MSE,36.81,3.328,0.9926,1.56,1659.6
sdxl_0012.png,SDXL Synthetic,1,1,0.99,Stable Diffusion (SD_1_5_MSE),SD_1_5_MSE,37.11,3.519,0.9924,1.54,1687.31
sdxl_0013.png,SDXL Synthetic,1,1,0.99,Stable Diffusion (SD_1_5_MSE),SD_1_5_MSE,37.11,3.817,0.9924,1.54,1673.38
sdxl_0014.png,SDXL Synthetic,1,1,0.9813,Stable Diffusion (SDXL),SDXL,36.91,3.275,0.9922,1.58,1653.81
sdxl_0015.png,SDXL Synthetic,1,1,0.99,Stable Diffusion (SD_1_5_MSE),SD_1_5_MSE,36.45,4.008,0.9928,1.56,1662.9
sdxl_0016.png,SDXL Synthetic,1,1,0.99,Stable Diffusion (SD_1_5_MSE),SD_1_5_MSE,36.34,3.439,0.9928,1.54,1671.61
sdxl_0017.png,SDXL Synthetic,1,1,0.99,Stable Diffusion (SD_1_5_MSE),SD_1_5_MSE,36.78,3.777,0.9926,1.58,1672.02
sdxl_0018.png,SDXL Synthetic,1,1,0.99,Stable Diffusion (SD_1_5_MSE),SD_1_5_MSE,36.28,4.13,0.9929,1.55,1666.54
sdxl_0019.png,SDXL Synthetic,1,1,0.99,Stable Diffusion (SD_1_5_MSE),SD_1_5_MSE,36.35,3.405,0.9927,1.59,1703.26
sdxl_0020.png,SDXL Synthetic,1,1,0.99,Stable Diffusion (SDXL),SDXL,36.41,3.855,0.9927,1.58,1699.83
sdxl_0021.png,SDXL Synthetic,1,1,0.99,Stable Diffusion (SD_1_5_MSE),SD_1_5_MSE,36.14,3.753,0.993,1.55,1658.72
sdxl_0022.png,SDXL Synthetic,1,1,0.99,Stable Diffusion (SD_1_5_MSE),SD_1_5_MSE,36.36,4.13,0.9928,1.55,1654.04
sdxl_0023.png,SDXL Synthetic,1,1,0.99,Stable Diffusion (SD_1_5_MSE),SD_1_5_MSE,36.3,4.108,0.9929,1.55,1669.78
sdxl_0024.png,SDXL Synthetic,1,1,0.99,Stable Diffusion (SDXL),SDXL,36.37,4.154,0.9926,1.56,1658.49
sdxl_0025.png,SDXL Synthetic,1,1,0.99,Stable Diffusion (SDXL),SDXL,36.54,3.767,0.9925,1.56,1665.62
sdxl_0026.png,SDXL Synthetic,1,1,0.99,Stable Diffusion (SD_1_5_MSE),SD_1_5_MSE,36.57,3.828,0.9927,1.59,1678.39
sdxl_0027.png,SDXL Synthetic,1,1,0.99,Stable Diffusion (SD_1_5_MSE),SD_1_5_MSE,36.66,3.732,0.9926,1.55,1688.08
sdxl_0028.png,SDXL Synthetic,1,1,0.99,Stable Diffusion (SD_1_5_MSE),SD_1_5_MSE,36.45,3.446,0.9928,1.58,1657.71
sdxl_0029.png,SDXL Synthetic,1,1,0.99,Stable Diffusion (SDXL),SDXL,36.52,3.86,0.9923,1.55,1653.9
sdxl_0030.png,SDXL Synthetic,1,1,0.99,Stable Diffusion (SD_1_5_MSE),SD_1_5_MSE,36.5,3.845,0.9927,1.53,1659.25
sdxl_0031.png,SDXL Synthetic,1,1,0.99,Stable Diffusion (SD_1_5_MSE),SD_1_5_MSE,36.91,4.005,0.9925,1.59,1662.67
sdxl_0032.png,SDXL Synthetic,1,1,0.99,Stable Diffusion (SD_1_5_MSE),SD_1_5_MSE,36.94,3.793,0.9923,1.56,1667.07
sdxl_0033.png,SDXL Synthetic,1,1,0.99,Stable Diffusion (SD_1_5_MSE),SD_1_5_MSE,36.56,4.181,0.9924,1.55,1667.55
sdxl_0034.png,SDXL Synthetic,1,1,0.99,Stable Diffusion (SDXL),SDXL,36.79,3.833,0.9922,1.57,1710.44
sdxl_0035.png,SDXL Synthetic,1,1,0.9893,Stable Diffusion (SD_1_5_MSE),SD_1_5_MSE,36.85,3.389,0.9924,1.55,1667.3
sdxl_0036.png,SDXL Synthetic,1,1,0.99,Stable Diffusion (SDXL),SDXL,36.54,3.607,0.9925,1.56,1666.56
sdxl_0037.png,SDXL Synthetic,1,1,0.99,Stable Diffusion (SD_1_5_MSE),SD_1_5_MSE,36.54,3.813,0.9924,1.55,1659.49
sdxl_0038.png,SDXL Synthetic,1,1,0.99,Stable Diffusion (SD_1_5_MSE),SD_1_5_MSE,36.93,3.918,0.9923,1.55,1663.32
sdxl_0039.png,SDXL Synthetic,1,1,0.99,Stable Diffusion (SD_1_5_MSE),SD_1_5_MSE,36.41,3.788,0.9925,1.55,1657.99
sdxl_0040.png,SDXL Synthetic,1,1,0.99,Stable Diffusion (SD_1_5_MSE),SD_1_5_MSE,36.4,3.856,0.9926,1.57,1669.03
sdxl_0041.png,SDXL Synthetic,1,1,0.99,Stable Diffusion (SD_1_5_MSE),SD_1_5_MSE,36.48,4.281,0.9926,1.59,1682.93
sdxl_0042.png,SDXL Synthetic,1,1,0.99,Stable Diffusion (SDXL),SDXL,36.75,3.724,0.9924,1.53,1671.45
sdxl_0043.png,SDXL Synthetic,1,1,0.99,Stable Diffusion (SD_1_5_MSE),SD_1_5_MSE,36.22,4.025,0.9929,1.56,1654.29
sdxl_0044.png,SDXL Synthetic,1,1,0.99,Stable Diffusion (SD_1_5_MSE),SD_1_5_MSE,36.38,4.097,0.993,1.56,1657.24
sdxl_0045.png,SDXL Synthetic,1,1,0.99,Stable Diffusion (SD_1_5_MSE),SD_1_5_MSE,37.02,3.779,0.9925,1.53,1658.19
sdxl_0046.png,SDXL Synthetic,1,1,0.99,Stable Diffusion (SD_1_5_MSE),SD_1_5_MSE,36.34,3.645,0.9932,1.59,1659.19
sdxl_0047.png,SDXL Synthetic,1,1,0.99,Stable Diffusion (SD_1_5_MSE),SD_1_5_MSE,37.02,3.651,0.9928,1.57,1656.48
sdxl_0048.png,SDXL Synthetic,1,1,0.99,Stable Diffusion (SD_1_5_MSE),SD_1_5_MSE,36.4,3.92,0.9926,1.56,1660.75
sdxl_0049.png,SDXL Synthetic,1,1,0.99,Stable Diffusion (SD_1_5_MSE),SD_1_5_MSE,36.52,3.708,0.9926,1.55,1684.36
sdxl_0050.png,SDXL Synthetic,1,1,0.99,Stable Diffusion (SDXL),SDXL,36.5,4.205,0.9928,1.56,1662.48
sdxl_0051.png,SDXL Synthetic,1,1,0.99,Stable Diffusion (SDXL),SDXL,36.78,3.499,0.9921,1.57,1651.11
sdxl_0052.png,SDXL Synthetic,1,1,0.99,Stable Diffusion (SD_1_5_MSE),SD_1_5_MSE,36.47,3.605,0.9927,1.59,1659.72
sdxl_0053.png,SDXL Synthetic,1,1,0.99,Stable Diffusion (SD_1_5_MSE),SD_1_5_MSE,36.99,3.739,0.9928,1.55,1662.97
sdxl_0054.png,SDXL Synthetic,1,1,0.99,Stable Diffusion (SD_1_5_MSE),SD_1_5_MSE,37.25,3.498,0.9926,1.55,1668.54
sdxl_0055.png,SDXL Synthetic,1,1,0.99,Stable Diffusion (SD_1_5_MSE),SD_1_5_MSE,36.02,3.694,0.9931,1.6,1686.5
sdxl_0056.png,SDXL Synthetic,1,1,0.9806,Stable Diffusion (SD_1_5_MSE),SD_1_5_MSE,36.88,3.266,0.9926,1.58,1695.46
sdxl_0057.png,SDXL Synthetic,1,1,0.99,Stable Diffusion (SD_1_5_MSE),SD_1_5_MSE,36.65,3.869,0.9925,1.56,1672.32
sdxl_0058.png,SDXL Synthetic,1,1,0.99,Stable Diffusion (SDXL),SDXL,36.35,3.762,0.9926,1.58,1657.84
sdxl_0059.png,SDXL Synthetic,1,1,0.99,Stable Diffusion (SD_1_5_MSE),SD_1_5_MSE,36.58,3.632,0.9924,1.56,1653.37
sdxl_0060.png,SDXL Synthetic,1,1,0.99,Stable Diffusion (SD_1_5_MSE),SD_1_5_MSE,36.63,3.561,0.9924,1.57,1653.53
sdxl_0061.png,SDXL Synthetic,1,1,0.99,Stable Diffusion (SD_1_5_MSE),SD_1_5_MSE,36.37,3.536,0.9928,1.55,1656.29
sdxl_0062.png,SDXL Synthetic,1,1,0.99,Stable Diffusion (SD_1_5_MSE),SD_1_5_MSE,36.28,4.284,0.9929,1.58,1681.54
sdxl_0063.png,SDXL Synthetic,1,1,0.9796,Stable Diffusion (SDXL),SDXL,36.64,3.251,0.9926,1.55,1697.24
sdxl_0064.png,SDXL Synthetic,1,1,0.99,Stable Diffusion (SDXL),SDXL,36.38,3.495,0.9925,1.59,1689.57
sdxl_0065.png,SDXL Synthetic,1,1,0.969,Stable Diffusion (SD_1_5_MSE),SD_1_5_MSE,36.64,3.1,0.9925,1.56,1671.66
sdxl_0066.png,SDXL Synthetic,1,1,0.99,Stable Diffusion (SD_1_5_MSE),SD_1_5_MSE,36.96,4.29,0.9924,1.54,1665.44
sdxl_0067.png,SDXL Synthetic,1,1,0.99,Stable Diffusion (SD_1_5_MSE),SD_1_5_MSE,36.59,3.972,0.9928,1.54,1657.33
sdxl_0068.png,SDXL Synthetic,1,1,0.9836,Stable Diffusion (SDXL),SDXL,36.66,3.309,0.9928,1.56,1672.46
sdxl_0069.png,SDXL Synthetic,1,1,0.99,Stable Diffusion (SDXL),SDXL,36.6,3.859,0.9925,1.56,1662.58
sdxl_0070.png,SDXL Synthetic,1,1,0.99,Stable Diffusion (SD_1_5_MSE),SD_1_5_MSE,36.4,4.09,0.9926,1.54,1692.96
sdxl_0071.png,SDXL Synthetic,1,1,0.99,Stable Diffusion (SD_1_5_MSE),SD_1_5_MSE,36.13,3.567,0.9928,1.59,1688.33
sdxl_0072.png,SDXL Synthetic,1,1,0.99,Stable Diffusion (SD_1_5_MSE),SD_1_5_MSE,36.66,3.867,0.9927,1.55,1661.64
sdxl_0073.png,SDXL Synthetic,1,1,0.99,Stable Diffusion (SD_1_5_MSE),SD_1_5_MSE,36.16,3.933,0.9927,1.55,1658.64
sdxl_0074.png,SDXL Synthetic,1,1,0.99,Stable Diffusion (SD_1_5_MSE),SD_1_5_MSE,36.25,3.627,0.9925,1.56,1657.19
sdxl_0075.png,SDXL Synthetic,1,1,0.99,Stable Diffusion (SDXL),SDXL,36.55,3.487,0.9923,1.56,1656.48
sdxl_0076.png,SDXL Synthetic,1,1,0.99,Stable Diffusion (SD_1_5_MSE),SD_1_5_MSE,36.53,3.742,0.9927,1.58,1662.36
sdxl_0077.png,SDXL Synthetic,1,1,0.99,Stable Diffusion (SDXL),SDXL,35.96,3.429,0.9929,1.54,1688.12
sdxl_0078.png,SDXL Synthetic,1,1,0.99,Stable Diffusion (SDXL),SDXL,36.57,3.767,0.9925,1.57,1703.04
sdxl_0079.png,SDXL Synthetic,1,1,0.99,Stable Diffusion (SD_1_5_MSE),SD_1_5_MSE,36.21,3.904,0.9927,1.56,1652.13
sdxl_0080.png,SDXL Synthetic,1,1,0.99,Stable Diffusion (SD_1_5_MSE),SD_1_5_MSE,37.26,3.406,0.9927,1.56,1660.5
sdxl_0081.png,SDXL Synthetic,1,1,0.99,Stable Diffusion (SDXL),SDXL,36.61,3.898,0.9925,1.57,1666.9
sdxl_0082.png,SDXL Synthetic,1,1,0.99,Stable Diffusion (SD_1_5_MSE),SD_1_5_MSE,36.44,3.925,0.9925,1.56,1660.35
sdxl_0083.png,SDXL Synthetic,1,1,0.99,Stable Diffusion (SD_1_5_MSE),SD_1_5_MSE,37.09,3.692,0.9926,1.55,1662.13
sdxl_0084.png,SDXL Synthetic,1,1,0.99,Stable Diffusion (SD_1_5_MSE),SD_1_5_MSE,36.6,3.587,0.9925,1.55,1673.29
sdxl_0085.png,SDXL Synthetic,1,1,0.99,Stable Diffusion (SD_1_5_MSE),SD_1_5_MSE,37.11,3.868,0.9922,1.55,1682.71
sdxl_0086.png,SDXL Synthetic,1,1,0.99,Stable Diffusion (SD_1_5_MSE),SD_1_5_MSE,36.66,3.49,0.9927,1.57,1676.53
sdxl_0087.png,SDXL Synthetic,1,1,0.99,Stable Diffusion (SDXL),SDXL,36.54,3.818,0.9927,1.55,1661.72
sdxl_0088.png,SDXL Synthetic,1,1,0.99,Stable Diffusion (SD_1_5_MSE),SD_1_5_MSE,37.12,3.758,0.9925,1.55,1652.81
sdxl_0089.png,SDXL Synthetic,1,1,0.99,Stable Diffusion (SD_1_5_MSE),SD_1_5_MSE,36.97,3.688,0.9925,1.57,1653.52
sdxl_0090.png,SDXL Synthetic,1,1,0.99,Stable Diffusion (SD_1_5_MSE),SD_1_5_MSE,36.38,3.826,0.9926,1.53,1668.59
sdxl_0091.png,SDXL Synthetic,1,1,0.988,Stable Diffusion (SD_1_5_MSE),SD_1_5_MSE,36.41,3.372,0.9926,1.55,1658.75
sdxl_0092.png,SDXL Synthetic,1,1,0.99,Stable Diffusion (SD_1_5_MSE),SD_1_5_MSE,36.76,3.889,0.9928,1.56,1667.46
sdxl_0093.png,SDXL Synthetic,1,1,0.99,Stable Diffusion (SD_1_5_MSE),SD_1_5_MSE,36.61,3.794,0.9925,1.55,1679.02
sdxl_0094.png,SDXL Synthetic,1,1,0.99,Stable Diffusion (SD_1_5_MSE),SD_1_5_MSE,36.74,4.215,0.9921,1.54,1658.8
sdxl_0095.png,SDXL Synthetic,1,1,0.9852,Stable Diffusion (SDXL),SDXL,36.47,3.331,0.9924,1.56,1659.79
sdxl_0096.png,SDXL Synthetic,1,1,0.99,Stable Diffusion (SD_1_5_MSE),SD_1_5_MSE,36.34,3.631,0.9928,1.54,1654.45
sdxl_0097.png,SDXL Synthetic,1,1,0.99,Stable Diffusion (SD_1_5_MSE),SD_1_5_MSE,36.26,3.825,0.9926,1.57,1646.69
sdxl_0098.png,SDXL Synthetic,1,1,0.99,Stable Diffusion (SD_1_5_MSE),SD_1_5_MSE,36.46,3.716,0.9928,1.57,1652.14
sdxl_0099.png,SDXL Synthetic,1,1,0.99,Stable Diffusion (SD_1_5_MSE),SD_1_5_MSE,36.45,3.702,0.9928,1.57,1679.23
sdxl_0100.png,SDXL Synthetic,1,1,0.99,Stable Diffusion (SDXL),SDXL,36.37,3.692,0.9923,1.59,1683.42
sdxl_0101.png,SDXL Synthetic,1,1,0.99,Stable Diffusion (SD_1_5_MSE),SD_1_5_MSE,37.01,3.772,0.9926,1.57,1657.43
sdxl_0102.png,SDXL Synthetic,1,1,0.99,Stable Diffusion (SD_1_5_MSE),SD_1_5_MSE,36.33,4.042,0.9928,1.54,1653.54
sdxl_0103.png,SDXL Synthetic,1,1,0.99,Stable Diffusion (SD_1_5_MSE),SD_1_5_MSE,36.81,3.927,0.9928,1.54,1668.3
sdxl_0104.png,SDXL Synthetic,1,1,0.99,Stable Diffusion (SD_1_5_MSE),SD_1_5_MSE,37.1,4.011,0.9923,1.55,1662.56
sdxl_0105.png,SDXL Synthetic,1,1,0.99,Stable Diffusion (SDXL),SDXL,36.52,4.069,0.9925,1.56,1695.98
sdxl_0106.png,SDXL Synthetic,1,1,0.99,Stable Diffusion (SD_1_5_MSE),SD_1_5_MSE,36.48,3.514,0.9924,1.58,1661.79
sdxl_0107.png,SDXL Synthetic,1,1,0.99,Stable Diffusion (SD_1_5_MSE),SD_1_5_MSE,36.41,3.479,0.9927,1.56,1685.58
sdxl_0108.png,SDXL Synthetic,1,1,0.9865,Stable Diffusion (SD_1_5_MSE),SD_1_5_MSE,36.7,3.349,0.9924,1.56,1659.52
sdxl_0109.png,SDXL Synthetic,1,1,0.99,Stable Diffusion (SD_1_5_MSE),SD_1_5_MSE,36.27,3.867,0.9929,1.57,1660.9
sdxl_0110.png,SDXL Synthetic,1,1,0.99,Stable Diffusion (SD_1_5_MSE),SD_1_5_MSE,37.0,3.771,0.9925,1.56,1657.27
sdxl_0111.png,SDXL Synthetic,1,1,0.99,Stable Diffusion (SDXL),SDXL,36.25,4.009,0.9927,1.58,1663.16
sdxl_0112.png,SDXL Synthetic,1,1,0.9806,Stable Diffusion (SDXL),SDXL,36.52,3.266,0.9926,1.56,1662.34
sdxl_0113.png,SDXL Synthetic,1,1,0.99,Stable Diffusion (SD_1_5_MSE),SD_1_5_MSE,36.12,4.045,0.9929,1.6,1677.25
sdxl_0114.png,SDXL Synthetic,1,1,0.99,Stable Diffusion (SD_1_5_MSE),SD_1_5_MSE,36.28,3.834,0.9928,1.58,1707.4
sdxl_0115.png,SDXL Synthetic,1,1,0.99,Stable Diffusion (SD_1_5_MSE),SD_1_5_MSE,36.33,3.996,0.9926,1.57,1666.09
sdxl_0116.png,SDXL Synthetic,1,1,0.99,Stable Diffusion (SDXL),SDXL,36.95,3.768,0.9921,1.55,1673.63
sdxl_0117.png,SDXL Synthetic,1,1,0.99,Stable Diffusion (SD_1_5_MSE),SD_1_5_MSE,37.11,3.758,0.992,1.56,1667.0
sdxl_0118.png,SDXL Synthetic,1,1,0.99,Stable Diffusion (SD_1_5_MSE),SD_1_5_MSE,36.41,3.789,0.9925,1.56,1666.13
sdxl_0119.png,SDXL Synthetic,1,1,0.99,Stable Diffusion (SD_1_5_MSE),SD_1_5_MSE,35.96,3.75,0.9932,1.56,1664.89
sdxl_0120.png,SDXL Synthetic,1,1,0.99,Stable Diffusion (SD_1_5_MSE),SD_1_5_MSE,36.36,3.763,0.9929,1.56,1665.04
sdxl_0121.png,SDXL Synthetic,1,1,0.99,Stable Diffusion (SDXL),SDXL,36.53,3.983,0.9927,1.56,1667.64
sdxl_0122.png,SDXL Synthetic,1,1,0.99,Stable Diffusion (SDXL),SDXL,36.78,3.98,0.9922,1.57,1684.84
sdxl_0123.png,SDXL Synthetic,1,1,0.99,Stable Diffusion (SD_1_5_MSE),SD_1_5_MSE,37.35,3.624,0.9926,1.55,1658.88
sdxl_0124.png,SDXL Synthetic,1,1,0.99,Stable Diffusion (SD_1_5_MSE),SD_1_5_MSE,36.27,3.899,0.9924,1.55,1652.92
sdxl_0125.png,SDXL Synthetic,1,1,0.99,Stable Diffusion (SD_1_5_MSE),SD_1_5_MSE,36.97,3.653,0.9924,1.59,1665.49
sdxl_0126.png,SDXL Synthetic,1,1,0.99,Stable Diffusion (SD_1_5_MSE),SD_1_5_MSE,37.03,4.2,0.9924,1.54,1679.65
sdxl_0127.png,SDXL Synthetic,1,1,0.99,Stable Diffusion (SDXL),SDXL,36.87,4.126,0.9924,1.57,1667.0
sdxl_0128.png,SDXL Synthetic,1,1,0.99,Stable Diffusion (SD_1_5_MSE),SD_1_5_MSE,36.57,3.517,0.9925,1.58,1673.62
sdxl_0129.png,SDXL Synthetic,1,1,0.99,Stable Diffusion (SD_1_5_MSE),SD_1_5_MSE,37.41,3.495,0.9918,1.57,1668.91
sdxl_0130.png,SDXL Synthetic,1,1,0.99,Stable Diffusion (SD_1_5_MSE),SD_1_5_MSE,36.78,3.728,0.9923,1.56,1657.15
sdxl_0131.png,SDXL Synthetic,1,1,0.99,Stable Diffusion (SD_1_5_MSE),SD_1_5_MSE,36.52,3.67,0.9926,1.54,1658.56
sdxl_0132.png,SDXL Synthetic,1,1,0.99,Stable Diffusion (SD_1_5_MSE),SD_1_5_MSE,36.67,4.071,0.9924,1.54,1644.79
sdxl_0133.png,SDXL Synthetic,1,1,0.99,Stable Diffusion (SD_1_5_MSE),SD_1_5_MSE,36.42,4.045,0.9928,1.55,1659.07
sdxl_0134.png,SDXL Synthetic,1,1,0.99,Stable Diffusion (SD_1_5_MSE),SD_1_5_MSE,36.26,3.736,0.9925,1.59,1656.99
sdxl_0135.png,SDXL Synthetic,1,1,0.99,Stable Diffusion (SD_1_5_MSE),SD_1_5_MSE,36.41,3.694,0.993,1.54,1669.51
sdxl_0136.png,SDXL Synthetic,1,1,0.99,Stable Diffusion (SD_1_5_MSE),SD_1_5_MSE,36.38,3.782,0.9925,1.53,1700.6
sdxl_0137.png,SDXL Synthetic,1,1,0.99,Stable Diffusion (SDXL),SDXL,36.44,3.634,0.9925,1.57,1680.69
sdxl_0138.png,SDXL Synthetic,1,1,0.99,Stable Diffusion (SD_1_5_MSE),SD_1_5_MSE,36.98,3.772,0.9926,1.57,1658.09
sdxl_0139.png,SDXL Synthetic,1,1,0.99,Stable Diffusion (SD_1_5_MSE),SD_1_5_MSE,37.03,3.612,0.9927,1.56,1664.89
sdxl_0140.png,SDXL Synthetic,1,1,0.99,Stable Diffusion (SD_1_5_MSE),SD_1_5_MSE,37.09,3.889,0.9926,1.54,1669.63
sdxl_0141.png,SDXL Synthetic,1,1,0.99,Stable Diffusion (SD_1_5_MSE),SD_1_5_MSE,36.5,3.956,0.9928,1.54,1659.25
sdxl_0142.png,SDXL Synthetic,1,1,0.99,Stable Diffusion (SD_1_5_MSE),SD_1_5_MSE,36.62,3.455,0.9928,1.56,1673.01
sdxl_0143.png,SDXL Synthetic,1,1,0.99,Stable Diffusion (SD_1_5_MSE),SD_1_5_MSE,36.27,4.754,0.9929,1.54,1673.81
sdxl_0144.png,SDXL Synthetic,1,1,0.99,Stable Diffusion (SD_1_5_MSE),SD_1_5_MSE,36.35,4.371,0.9928,1.54,1692.77
sdxl_0145.png,SDXL Synthetic,1,1,0.99,Stable Diffusion (SD_1_5_MSE),SD_1_5_MSE,36.87,4.295,0.9924,1.56,1653.33
sdxl_0146.png,SDXL Synthetic,1,1,0.99,Stable Diffusion (SD_1_5_MSE),SD_1_5_MSE,36.49,3.666,0.9927,1.54,1661.03
sdxl_0147.png,SDXL Synthetic,1,1,0.99,Stable Diffusion (SD_1_5_MSE),SD_1_5_MSE,36.96,4.137,0.9923,1.53,1650.05
sdxl_0148.png,SDXL Synthetic,1,1,0.99,Stable Diffusion (SD_1_5_MSE),SD_1_5_MSE,36.24,4.638,0.9926,1.63,1665.07
sdxl_0149.png,SDXL Synthetic,1,1,0.99,Stable Diffusion (SD_1_5_MSE),SD_1_5_MSE,36.73,3.515,0.9927,1.56,1668.18
sdxl_0150.png,SDXL Synthetic,1,1,0.99,Stable Diffusion (SD_1_5_MSE),SD_1_5_MSE,36.21,4.422,0.9926,1.59,1681.74
sdxl_0151.png,SDXL Synthetic,1,1,0.99,Stable Diffusion (SDXL),SDXL,36.39,4.234,0.9924,1.56,1676.64
sdxl_0152.png,SDXL Synthetic,1,1,0.99,Stable Diffusion (SDXL),SDXL,36.39,3.904,0.9925,1.57,1674.77
sdxl_0153.png,SDXL Synthetic,1,1,0.99,Stable Diffusion (SDXL),SDXL,36.93,3.738,0.9924,1.55,1656.92
sdxl_0154.png,SDXL Synthetic,1,1,0.99,Stable Diffusion (SDXL),SDXL,36.53,4.043,0.9926,1.53,1671.38
sdxl_0155.png,SDXL Synthetic,1,1,0.99,Stable Diffusion (SD_1_5_MSE),SD_1_5_MSE,36.84,3.431,0.9921,1.57,1665.98
sdxl_0156.png,SDXL Synthetic,1,1,0.99,Stable Diffusion (SDXL),SDXL,36.5,4.016,0.9925,1.56,1658.31
sdxl_0157.png,SDXL Synthetic,1,1,0.99,Stable Diffusion (SD_1_5_MSE),SD_1_5_MSE,36.58,4.118,0.9925,1.56,1659.27
sdxl_0158.png,SDXL Synthetic,1,1,0.99,Stable Diffusion (SD_1_5_MSE),SD_1_5_MSE,36.6,3.417,0.9925,1.55,1682.64
sdxl_0159.png,SDXL Synthetic,1,1,0.99,Stable Diffusion (SD_1_5_MSE),SD_1_5_MSE,36.68,3.977,0.9927,1.6,1672.27
sdxl_0160.png,SDXL Synthetic,1,1,0.99,Stable Diffusion (SD_1_5_MSE),SD_1_5_MSE,37.32,3.969,0.9923,1.57,1651.33
sdxl_0161.png,SDXL Synthetic,1,1,0.99,Stable Diffusion (SDXL),SDXL,36.6,3.829,0.9924,1.57,1670.34
sdxl_0162.png,SDXL Synthetic,1,1,0.9776,Stable Diffusion (SD_1_5_MSE),SD_1_5_MSE,36.45,3.224,0.9924,1.56,1662.59
sdxl_0163.png,SDXL Synthetic,1,1,0.9849,Stable Diffusion (SD_1_5_MSE),SD_1_5_MSE,36.44,3.327,0.9926,1.54,1668.56
sdxl_0164.png,SDXL Synthetic,1,1,0.99,Stable Diffusion (SD_1_5_MSE),SD_1_5_MSE,36.6,4.1,0.9926,1.54,1666.0
sdxl_0165.png,SDXL Synthetic,1,1,0.99,Stable Diffusion (SD_1_5_MSE),SD_1_5_MSE,36.43,3.505,0.9927,1.58,1668.17
sdxl_0166.png,SDXL Synthetic,1,1,0.99,Stable Diffusion (SD_1_5_MSE),SD_1_5_MSE,36.51,3.682,0.9925,1.56,1686.71
sdxl_0167.png,SDXL Synthetic,1,1,0.99,Stable Diffusion (SDXL),SDXL,36.59,3.992,0.9927,1.57,1662.76
sdxl_0168.png,SDXL Synthetic,1,1,0.99,Stable Diffusion (SD_1_5_MSE),SD_1_5_MSE,36.48,3.867,0.9931,1.56,1655.74
sdxl_0169.png,SDXL Synthetic,1,1,0.99,Stable Diffusion (SD_1_5_MSE),SD_1_5_MSE,36.34,3.727,0.9927,1.56,1655.57
sdxl_0170.png,SDXL Synthetic,1,1,0.99,Stable Diffusion (SD_1_5_MSE),SD_1_5_MSE,36.61,3.785,0.9924,1.58,1657.09
sdxl_0171.png,SDXL Synthetic,1,1,0.99,Stable Diffusion (SD_1_5_MSE),SD_1_5_MSE,36.54,3.485,0.9927,1.56,1663.32
sdxl_0172.png,SDXL Synthetic,1,1,0.99,Stable Diffusion (SD_1_5_MSE),SD_1_5_MSE,36.49,3.705,0.9926,1.56,1668.17
sdxl_0173.png,SDXL Synthetic,1,1,0.99,Stable Diffusion (SD_1_5_MSE),SD_1_5_MSE,36.67,3.714,0.9924,1.57,1707.29
sdxl_0174.png,SDXL Synthetic,1,1,0.9698,Stable Diffusion (SD_1_5_MSE),SD_1_5_MSE,36.58,3.111,0.9925,1.56,1660.71
sdxl_0175.png,SDXL Synthetic,1,1,0.99,Stable Diffusion (SD_1_5_MSE),SD_1_5_MSE,36.25,3.884,0.9929,1.56,1666.96
sdxl_0176.png,SDXL Synthetic,1,1,0.99,Stable Diffusion (SD_1_5_MSE),SD_1_5_MSE,36.58,4.365,0.9924,1.53,1644.57
sdxl_0177.png,SDXL Synthetic,1,1,0.99,Stable Diffusion (SD_1_5_MSE),SD_1_5_MSE,36.34,3.782,0.9927,1.59,1658.15
sdxl_0178.png,SDXL Synthetic,1,1,0.99,Stable Diffusion (SD_1_5_MSE),SD_1_5_MSE,36.82,3.509,0.9927,1.58,1657.56
sdxl_0179.png,SDXL Synthetic,1,1,0.99,Stable Diffusion (SD_1_5_MSE),SD_1_5_MSE,37.03,3.624,0.9924,1.55,1666.22
sdxl_0180.png,SDXL Synthetic,1,1,0.99,Stable Diffusion (SD_1_5_MSE),SD_1_5_MSE,37.23,3.911,0.9922,1.54,1678.95
sdxl_0181.png,SDXL Synthetic,1,1,0.9619,Stable Diffusion (SDXL),SDXL,36.3,2.999,0.9926,1.55,1660.77
sdxl_0182.png,SDXL Synthetic,1,1,0.9736,Stable Diffusion (SD_1_5_MSE),SD_1_5_MSE,37.29,3.166,0.9924,1.53,1667.92
sdxl_0183.png,SDXL Synthetic,1,1,0.99,Stable Diffusion (SD_1_5_MSE),SD_1_5_MSE,37.14,3.553,0.9921,1.56,1665.08
sdxl_0184.png,SDXL Synthetic,1,1,0.9863,Stable Diffusion (SD_1_5_MSE),SD_1_5_MSE,36.7,3.346,0.9925,1.54,1657.53
sdxl_0185.png,SDXL Synthetic,1,1,0.99,Stable Diffusion (SD_1_5_MSE),SD_1_5_MSE,36.46,3.895,0.9928,1.54,1665.36
sdxl_0186.png,SDXL Synthetic,1,1,0.99,Stable Diffusion (SD_1_5_MSE),SD_1_5_MSE,35.96,3.904,0.993,1.59,1662.91
sdxl_0187.png,SDXL Synthetic,1,1,0.9795,Stable Diffusion (SD_1_5_MSE),SD_1_5_MSE,36.1,3.251,0.9931,1.58,1690.17
sdxl_0188.png,SDXL Synthetic,1,1,0.99,Stable Diffusion (SDXL),SDXL,36.71,4.506,0.9923,1.54,1692.22
sdxl_0189.png,SDXL Synthetic,1,1,0.99,Stable Diffusion (SD_1_5_MSE),SD_1_5_MSE,36.85,3.966,0.9926,1.57,1653.64
sdxl_0190.png,SDXL Synthetic,1,1,0.99,Stable Diffusion (SD_1_5_MSE),SD_1_5_MSE,37.15,3.624,0.9924,1.54,1677.71
sdxl_0191.png,SDXL Synthetic,1,1,0.99,Stable Diffusion (SDXL),SDXL,36.62,4.224,0.9924,1.59,1680.69
sdxl_0192.png,SDXL Synthetic,1,1,0.99,Stable Diffusion (SD_1_5_MSE),SD_1_5_MSE,36.53,3.791,0.9926,1.56,1656.89
sdxl_0193.png,SDXL Synthetic,1,1,0.99,Stable Diffusion (SD_1_5_MSE),SD_1_5_MSE,37.03,3.537,0.9925,1.56,1663.91
sdxl_0194.png,SDXL Synthetic,1,1,0.99,Stable Diffusion (SDXL),SDXL,36.28,4.291,0.9925,1.56,1673.66
sdxl_0195.png,SDXL Synthetic,1,1,0.99,Stable Diffusion (SD_1_5_MSE),SD_1_5_MSE,36.45,3.504,0.9927,1.58,1679.17
sdxl_0196.png,SDXL Synthetic,1,1,0.99,Stable Diffusion (SD_1_5_MSE),SD_1_5_MSE,36.6,3.774,0.9923,1.57,1669.92
sdxl_0197.png,SDXL Synthetic,1,1,0.99,Stable Diffusion (SDXL),SDXL,36.51,3.834,0.9926,1.55,1660.95
sdxl_0198.png,SDXL Synthetic,1,1,0.99,Stable Diffusion (SD_1_5_MSE),SD_1_5_MSE,36.65,4.087,0.9925,1.54,1657.38
sdxl_0199.png,SDXL Synthetic,1,1,0.99,Stable Diffusion (SD_1_5_MSE),SD_1_5_MSE,36.97,3.518,0.9927,1.53,1664.62
sdxl_0200.png,SDXL Synthetic,1,1,0.99,Stable Diffusion (SD_1_5_MSE),SD_1_5_MSE,36.63,3.988,0.9925,1.6,1669.41
sdxl_0201.png,SDXL Synthetic,1,1,0.99,Stable Diffusion (SDXL),SDXL,36.64,3.595,0.9925,1.54,1669.95
sdxl_0202.png,SDXL Synthetic,1,1,0.99,Stable Diffusion (SDXL),SDXL,36.7,4.168,0.9924,1.55,1694.88
sdxl_0203.png,SDXL Synthetic,1,1,0.99,Stable Diffusion (SD_1_5_MSE),SD_1_5_MSE,36.39,3.913,0.9924,1.55,1659.78
sdxl_0204.png,SDXL Synthetic,1,1,0.99,Stable Diffusion (SDXL),SDXL,36.41,3.456,0.9925,1.58,1670.33
sdxl_0205.png,SDXL Synthetic,1,1,0.9792,Stable Diffusion (SD_1_5_MSE),SD_1_5_MSE,36.7,3.246,0.9926,1.57,1660.76
sdxl_0206.png,SDXL Synthetic,1,1,0.99,Stable Diffusion (SD_1_5_MSE),SD_1_5_MSE,36.4,3.761,0.9925,1.55,1663.76
sdxl_0207.png,SDXL Synthetic,1,1,0.99,Stable Diffusion (SD_1_5_MSE),SD_1_5_MSE,36.63,3.689,0.9926,1.57,1677.98
sdxl_0208.png,SDXL Synthetic,1,1,0.99,Stable Diffusion (SD_1_5_MSE),SD_1_5_MSE,36.47,3.707,0.9926,1.54,1670.19
sdxl_0209.png,SDXL Synthetic,1,1,0.99,Stable Diffusion (SD_1_5_MSE),SD_1_5_MSE,36.59,3.524,0.9926,1.57,1690.84
sdxl_0210.png,SDXL Synthetic,1,1,0.99,Stable Diffusion (SD_1_5_MSE),SD_1_5_MSE,36.32,3.786,0.9927,1.57,1687.77
sdxl_0211.png,SDXL Synthetic,1,1,0.99,Stable Diffusion (SD_1_5_MSE),SD_1_5_MSE,36.35,3.697,0.9929,1.56,1666.39
sdxl_0212.png,SDXL Synthetic,1,1,0.99,Stable Diffusion (SD_1_5_MSE),SD_1_5_MSE,36.62,4.19,0.9926,1.55,1663.44
sdxl_0213.png,SDXL Synthetic,1,1,0.9876,Stable Diffusion (SD_1_5_MSE),SD_1_5_MSE,37.11,3.366,0.9924,1.55,1656.46
sdxl_0214.png,SDXL Synthetic,1,1,0.99,Stable Diffusion (SD_1_5_MSE),SD_1_5_MSE,37.07,3.789,0.9924,1.55,1643.53
sdxl_0215.png,SDXL Synthetic,1,1,0.99,Stable Diffusion (SD_1_5_MSE),SD_1_5_MSE,36.77,3.516,0.9925,1.61,1656.82
sdxl_0216.png,SDXL Synthetic,1,1,0.99,Stable Diffusion (SD_1_5_MSE),SD_1_5_MSE,35.91,4.102,0.9931,1.59,1680.52
sdxl_0217.png,SDXL Synthetic,1,1,0.99,Stable Diffusion (SDXL),SDXL,36.36,3.81,0.9922,1.6,1673.98
sdxl_0218.png,SDXL Synthetic,1,1,0.99,Stable Diffusion (SD_1_5_MSE),SD_1_5_MSE,36.57,3.479,0.9925,1.54,1658.77
sdxl_0219.png,SDXL Synthetic,1,1,0.99,Stable Diffusion (SDXL),SDXL,36.59,4.262,0.9922,1.56,1666.64
sdxl_0220.png,SDXL Synthetic,1,1,0.99,Stable Diffusion (SD_1_5_MSE),SD_1_5_MSE,36.28,4.008,0.9928,1.55,1659.5
sdxl_0221.png,SDXL Synthetic,1,1,0.99,Stable Diffusion (SD_1_5_MSE),SD_1_5_MSE,36.39,4.078,0.9929,1.55,1661.26
sdxl_0222.png,SDXL Synthetic,1,1,0.99,Stable Diffusion (SD_1_5_MSE),SD_1_5_MSE,36.4,3.753,0.9926,1.56,1674.7
sdxl_0223.png,SDXL Synthetic,1,1,0.99,Stable Diffusion (SD_1_5_MSE),SD_1_5_MSE,36.47,3.838,0.9928,1.54,1670.76
sdxl_0224.png,SDXL Synthetic,1,1,0.99,Stable Diffusion (SD_1_5_MSE),SD_1_5_MSE,36.99,3.889,0.9927,1.55,1695.7
sdxl_0225.png,SDXL Synthetic,1,1,0.9829,Stable Diffusion (SD_1_5_MSE),SD_1_5_MSE,36.53,3.298,0.9925,1.55,1664.05
sdxl_0226.png,SDXL Synthetic,1,1,0.99,Stable Diffusion (SD_1_5_MSE),SD_1_5_MSE,36.25,4.011,0.9927,1.56,1658.58
sdxl_0227.png,SDXL Synthetic,1,1,0.99,Stable Diffusion (SD_1_5_MSE),SD_1_5_MSE,36.47,3.781,0.9928,1.53,1673.25
sdxl_0228.png,SDXL Synthetic,1,1,0.99,Stable Diffusion (SD_1_5_MSE),SD_1_5_MSE,36.4,3.989,0.9925,1.56,1655.35
sdxl_0229.png,SDXL Synthetic,1,1,0.99,Stable Diffusion (SDXL),SDXL,36.64,3.735,0.9924,1.55,1662.97
sdxl_0230.png,SDXL Synthetic,1,1,0.99,Stable Diffusion (SD_1_5_MSE),SD_1_5_MSE,36.6,3.615,0.9926,1.55,1673.43
sdxl_0231.png,SDXL Synthetic,1,1,0.99,Stable Diffusion (SD_1_5_MSE),SD_1_5_MSE,36.43,3.676,0.9927,1.59,1690.76
sdxl_0232.png,SDXL Synthetic,1,1,0.99,Stable Diffusion (SD_1_5_MSE),SD_1_5_MSE,36.56,3.615,0.9926,1.59,1676.96
sdxl_0233.png,SDXL Synthetic,1,1,0.99,Stable Diffusion (SDXL),SDXL,36.37,3.72,0.9926,1.57,1673.47
sdxl_0234.png,SDXL Synthetic,1,1,0.99,Stable Diffusion (SD_1_5_MSE),SD_1_5_MSE,37.16,3.516,0.9922,1.54,1655.62
sdxl_0235.png,SDXL Synthetic,1,1,0.99,Stable Diffusion (SD_1_5_MSE),SD_1_5_MSE,36.94,3.891,0.9924,1.56,1669.92
sdxl_0236.png,SDXL Synthetic,1,1,0.99,Stable Diffusion (SD_1_5_MSE),SD_1_5_MSE,36.31,3.855,0.9927,1.57,1675.52
sdxl_0237.png,SDXL Synthetic,1,1,0.99,Stable Diffusion (SD_1_5_MSE),SD_1_5_MSE,36.42,3.949,0.9926,1.57,1673.43
sdxl_0238.png,SDXL Synthetic,1,1,0.99,Stable Diffusion (SDXL),SDXL,36.71,3.978,0.9922,1.56,1666.14
sdxl_0239.png,SDXL Synthetic,1,1,0.99,Stable Diffusion (SDXL),SDXL,36.06,3.893,0.9927,1.6,1681.85
sdxl_0240.png,SDXL Synthetic,1,1,0.99,Stable Diffusion (SD_1_5_MSE),SD_1_5_MSE,36.8,3.438,0.9924,1.56,1656.9
sdxl_0241.png,SDXL Synthetic,1,1,0.99,Stable Diffusion (SD_1_5_MSE),SD_1_5_MSE,36.71,3.845,0.9923,1.59,1674.85
sdxl_0242.png,SDXL Synthetic,1,1,0.99,Stable Diffusion (SD_1_5_MSE),SD_1_5_MSE,36.4,3.781,0.9925,1.57,1652.99
sdxl_0243.png,SDXL Synthetic,1,1,0.9886,Stable Diffusion (SD_1_5_MSE),SD_1_5_MSE,37.37,3.38,0.992,1.58,1662.92
sdxl_0244.png,SDXL Synthetic,1,1,0.9702,Stable Diffusion (SD_1_5_MSE),SD_1_5_MSE,36.86,3.117,0.9927,1.54,1658.95
sdxl_0245.png,SDXL Synthetic,1,1,0.99,Stable Diffusion (SD_1_5_MSE),SD_1_5_MSE,36.91,3.705,0.9926,1.53,1671.38
sdxl_0246.png,SDXL Synthetic,1,1,0.99,Stable Diffusion (SD_1_5_MSE),SD_1_5_MSE,36.99,4.217,0.9923,1.53,1692.02
sdxl_0247.png,SDXL Synthetic,1,1,0.99,Stable Diffusion (SD_1_5_MSE),SD_1_5_MSE,37.06,3.739,0.9927,1.53,1658.31
sdxl_0248.png,SDXL Synthetic,1,1,0.99,Stable Diffusion (SD_1_5_MSE),SD_1_5_MSE,36.74,3.822,0.9927,1.55,1667.3
sdxl_0249.png,SDXL Synthetic,1,1,0.99,Stable Diffusion (SD_1_5_MSE),SD_1_5_MSE,36.85,3.58,0.9926,1.59,1660.95
sdxl_0250.png,SDXL Synthetic,1,1,0.99,Stable Diffusion (SD_1_5_MSE),SD_1_5_MSE,36.33,3.736,0.9925,1.59,1658.22
